"text","favorited","favoriteCount","replyToSN","created","truncated","replyToSID","id","replyToUID","statusSource","screenName","retweetCount","isRetweet","retweeted","longitude","latitude"
"Hoy inicia la fase 4 de la Copa Perú Excepcional 2021 y estos son todos los detalles que debes saber sobre este tor… https://t.co/jP6QeK0iuG",FALSE,61,NA,2021-10-27 13:09:23,TRUE,NA,"1453348099510964224",NA,"<a href=""http://twitter.com/download/android"" rel=""nofollow"">Twitter for Android</a>","TuFPF",2,FALSE,FALSE,NA,NA
"Informamos a la prensa que ya inició el proceso de acreditación para la cobertura de la Copa Perú Excepcional 2021. https://t.co/k0cPWbuZYG",FALSE,39,NA,2021-10-25 20:47:54,FALSE,NA,"1452738712387743748",NA,"<a href=""http://twitter.com/download/android"" rel=""nofollow"">Twitter for Android</a>","TuFPF",3,FALSE,FALSE,NA,NA
"¡El fútbol de menores continúa!  <U+26BD><U+0001F4AA>

<U+0001F534>#EnVivo |  Este lunes 25 de octubre disfruta dos encuentros de la fecha 6 de… https://t.co/W3VAwtiF4C",FALSE,60,NA,2021-10-25 00:26:33,TRUE,NA,"1452431349013438466",NA,"<a href=""http://twitter.com/download/iphone"" rel=""nofollow"">Twitter for iPhone</a>","TuFPF",9,FALSE,FALSE,NA,NA
"Le damos la bienvenida a Saúl Barrera, quien se desempeñará como Gerente de Relaciones Públicas en @TuFPF. Le desea… https://t.co/564aKYpfb2",FALSE,96,NA,2021-10-22 23:00:05,TRUE,NA,"1451684816403918848",NA,"<a href=""http://twitter.com/download/iphone"" rel=""nofollow"">Twitter for iPhone</a>","TuFPF",4,FALSE,FALSE,NA,NA
"#ComunicadoFPF <U+25B6><U+FE0F> https://t.co/tZYQRz2q0N https://t.co/XCReK7Fhum",FALSE,108,NA,2021-10-22 17:06:51,FALSE,NA,"1451595920567590912",NA,"<a href=""http://twitter.com/download/iphone"" rel=""nofollow"">Twitter for iPhone</a>","TuFPF",14,FALSE,FALSE,NA,NA
"¡Gracias por su labor! <U+0001F399><U+FE0F><U+26BD>

Saludamos a los periodistas deportivos del país en su día, quienes trabajan arduamente… https://t.co/HP6QTM1OYx",FALSE,364,NA,2021-10-20 17:00:30,TRUE,NA,"1450869546496184326",NA,"<a href=""https://mobile.twitter.com"" rel=""nofollow"">Twitter Web App</a>","TuFPF",26,FALSE,FALSE,NA,NA
"¡Estamos en vivo desde FPFPlay!

No te pierdas el clásico del fútbol peruano Universitario vs Alianza Lima por la f… https://t.co/A9tZqgzV0r",FALSE,68,NA,2021-10-18 19:38:07,TRUE,NA,"1450184438550249473",NA,"<a href=""http://twitter.com/download/iphone"" rel=""nofollow"">Twitter for iPhone</a>","TuFPF",5,FALSE,FALSE,NA,NA
"Un día como hoy, en 1924, se fundó la @FCF_Oficial.  

¡Muchas felicidades y los mejores deseos! <U+0001F38A> https://t.co/BA62iqhspL",FALSE,351,NA,2021-10-12 15:39:06,FALSE,NA,"1447949960859766784",NA,"<a href=""http://twitter.com/download/iphone"" rel=""nofollow"">Twitter for iPhone</a>","TuFPF",16,FALSE,FALSE,NA,NA
"#ComunicadoFPF <U+25B6><U+FE0F> https://t.co/4CNL83QTKh https://t.co/lLDM3xDJO6",FALSE,259,NA,2021-10-09 23:43:59,FALSE,NA,"1446984819708149760",NA,"<a href=""http://twitter.com/download/iphone"" rel=""nofollow"">Twitter for iPhone</a>","TuFPF",21,FALSE,FALSE,NA,NA
"¡Hora de triunfar! <U+0001F44A><U+0001F3FB>

No dejes pasar el tiempo y consigue tu Reloj Oficial de la Federación Peruana de Fútbol. 

L… https://t.co/fJmw2CaAy5",FALSE,135,NA,2021-10-06 14:58:23,TRUE,NA,"1445765386184507402",NA,"<a href=""http://twitter.com/download/iphone"" rel=""nofollow"">Twitter for iPhone</a>","TuFPF",16,FALSE,FALSE,NA,NA
"¡No te pierdas nuestra programación! <U+0001F4AA><U+26BD><U+FE0F>

Sigue los partidos de la Copa Perú y Generación Sub-18 solo por la app… https://t.co/W2oKyZTCBM",FALSE,63,NA,2021-10-02 23:02:53,TRUE,NA,"1444437762279673863",NA,"<a href=""http://twitter.com/download/iphone"" rel=""nofollow"">Twitter for iPhone</a>","TuFPF",9,FALSE,FALSE,NA,NA
"Presentamos la cuenta oficial del Torneo Extraordinario Sub-18 'Copa Generación' 

<U+25B6><U+FE0F> @FutMenoresFPF https://t.co/u3zphQFF9e",FALSE,37,NA,2021-09-26 22:40:44,FALSE,NA,"1442257859253837829",NA,"<a href=""http://twitter.com/download/iphone"" rel=""nofollow"">Twitter for iPhone</a>","TuFPF",3,FALSE,FALSE,NA,NA
"¡El fútbol de menores vuelve! <U+0001F64C><U+0001F3FB><U+26BD>

Este viernes se llevó a cabo la presentación oficial del Torneo Extraordinario S… https://t.co/aVbD4Zb7QF",FALSE,158,NA,2021-09-25 03:43:22,TRUE,NA,"1441609244340482055",NA,"<a href=""http://twitter.com/download/android"" rel=""nofollow"">Twitter for Android</a>","TuFPF",13,FALSE,FALSE,NA,NA
"¡Atención! <U+26BD><U+FE0F>

Desde las 15:00 horas conoce todos los detalles del Torneo Extraodinario Sub 18 'Copa Generación’ a… https://t.co/GxZWgNWS5K",FALSE,132,NA,2021-09-24 19:32:04,TRUE,NA,"1441485606715023360",NA,"<a href=""http://twitter.com/download/iphone"" rel=""nofollow"">Twitter for iPhone</a>","TuFPF",8,FALSE,FALSE,NA,NA
"Un día como hoy, en 1947, se fundó el @csunionhuaralof. 

¡Muchas felicidades a todos los hinchas del histórico clu… https://t.co/wgzjDivJxX",FALSE,100,NA,2021-09-20 22:28:24,TRUE,NA,"1440080430489739274",NA,"<a href=""http://twitter.com/download/iphone"" rel=""nofollow"">Twitter for iPhone</a>","TuFPF",4,FALSE,FALSE,NA,NA
"La @TuFPF entregó obras de remodelación de la Videna de Chiclayo con presencia y participación de @FIFAcom  y… https://t.co/RUjrLlNnGV",FALSE,82,NA,2021-09-19 15:13:09,TRUE,NA,"1439608507905490950",NA,"<a href=""https://mobile.twitter.com"" rel=""nofollow"">Twitter Web App</a>","TuFPF",9,FALSE,FALSE,NA,NA
"#ComunicadoFPF <U+25B6><U+FE0F> https://t.co/roKQ2Lf4is https://t.co/9DZBXgi5CQ",FALSE,114,NA,2021-09-16 17:22:17,FALSE,NA,"1438553843470635011",NA,"<a href=""http://twitter.com/download/iphone"" rel=""nofollow"">Twitter for iPhone</a>","TuFPF",20,FALSE,FALSE,NA,NA
"CONAR inició curso de actualización de reglas de juego para árbitros de futsal. 

Más información <U+25B6><U+FE0F>… https://t.co/pz0NAl6vDX",FALSE,56,NA,2021-09-13 17:26:56,TRUE,NA,"1437467848989974534",NA,"<a href=""http://twitter.com/download/iphone"" rel=""nofollow"">Twitter for iPhone</a>","TuFPF",1,FALSE,FALSE,NA,NA
"Un día como hoy, en 1925, se fundó la @FBF_BO. 

¡Muchas felicidades y los mejores deseos! <U+0001F38A> https://t.co/ZMSXLIsUZD",FALSE,115,NA,2021-09-12 18:24:28,FALSE,NA,"1437119938855047170",NA,"<a href=""http://twitter.com/download/iphone"" rel=""nofollow"">Twitter for iPhone</a>","TuFPF",4,FALSE,FALSE,NA,NA
"¡Ganemos este partido! <U+0001F1F5><U+0001F1EA>

Gracias al trabajo de las principales autoridades del país, en conjunto con @Minsa_Peru… https://t.co/uAWNYqxPdi",FALSE,160,NA,2021-09-12 16:15:26,TRUE,NA,"1437087467010670597",NA,"<a href=""http://twitter.com/download/iphone"" rel=""nofollow"">Twitter for iPhone</a>","TuFPF",19,FALSE,FALSE,NA,NA
"Comunicado de la Comisión Electoral designada por la Asamblea de Bases de la @TuFPF <U+25B6><U+FE0F> https://t.co/R3aET3bGFo https://t.co/llq4bUc30u",FALSE,79,NA,2021-09-11 00:15:55,FALSE,NA,"1436483609301557248",NA,"<a href=""https://mobile.twitter.com"" rel=""nofollow"">Twitter Web App</a>","TuFPF",6,FALSE,FALSE,NA,NA
"¡Es tiempo de alentar! <U+0001F559>

Presentamos el Reloj Oficial de la Federación Peruana de Fútbol <U+0001F1F5><U+0001F1EA>

Link de preventa <U+25B6><U+FE0F>… https://t.co/ljtBorx9GD",FALSE,165,NA,2021-09-09 19:16:54,TRUE,NA,"1436045968886177794",NA,"<a href=""http://twitter.com/download/iphone"" rel=""nofollow"">Twitter for iPhone</a>","TuFPF",12,FALSE,FALSE,NA,NA
"¡Un título inolvidable! <U+0001F3C6>

Un día como hoy, en 2004, el histórico @Club_Cienciano alcanzó la @ConmebolRecopa tras v… https://t.co/g4zXjK4itE",FALSE,248,NA,2021-09-07 20:37:03,TRUE,NA,"1435341364540190731",NA,"<a href=""https://mobile.twitter.com"" rel=""nofollow"">Twitter Web App</a>","TuFPF",27,FALSE,FALSE,NA,NA
"¡Con alma y corazón! <U+0001F5E3>

Disfrutemos de estar en la tribuna alentando a nuestra Selección <U+0001F1F5><U+0001F1EA>. 

<U+0001F39F> Adquiere tus entra… https://t.co/8czhAZxjCy",FALSE,174,NA,2021-09-05 02:35:10,TRUE,NA,"1434344325454909442",NA,"<a href=""http://twitter.com/download/iphone"" rel=""nofollow"">Twitter for iPhone</a>","TuFPF",15,FALSE,FALSE,NA,NA
"¡No dejes de alentar! <U+0001F5E3>

Asiste al Estadio Nacional y pasa un domingo junto a nuestra @SeleccionPeru <U+0001F1F5><U+0001F1EA>. 

<U+0001F39F> Adquie… https://t.co/zBNWtwuRCl",FALSE,94,NA,2021-09-04 17:06:44,TRUE,NA,"1434201273499365381",NA,"<a href=""http://twitter.com/download/iphone"" rel=""nofollow"">Twitter for iPhone</a>","TuFPF",8,FALSE,FALSE,NA,NA
"¡Cuida tu salud y disfruta del fútbol! <U+261D><U+0001F3FB>

Si asistes al duelo entre nuestra @SeleccionPeru <U+0001F1F5><U+0001F1EA> y @SeleVinotinto <U+0001F1FB><U+0001F1EA>… https://t.co/PgCL4tHsOj",FALSE,77,NA,2021-09-04 15:51:14,TRUE,NA,"1434182274564624384",NA,"<a href=""http://twitter.com/download/iphone"" rel=""nofollow"">Twitter for iPhone</a>","TuFPF",6,FALSE,FALSE,NA,NA
"¡Atención vacunados en el extranjero! <U+0001F6A8>

Toma en consideración esta información para asistir al duelo entre nuestra… https://t.co/YNg3TDuVI0",FALSE,122,NA,2021-09-04 02:28:47,TRUE,NA,"1433980332286619653",NA,"<a href=""http://twitter.com/download/iphone"" rel=""nofollow"">Twitter for iPhone</a>","TuFPF",9,FALSE,FALSE,NA,NA
"¡Atención abonados! <U+261D><U+0001F3FB>

Información importante para asistir al duelo entre nuestra @SeleccionPeru <U+0001F1F5><U+0001F1EA> y… https://t.co/vsx4DM5I0s",FALSE,73,NA,2021-09-04 02:00:08,TRUE,NA,"1433973121887911937",NA,"<a href=""http://twitter.com/download/iphone"" rel=""nofollow"">Twitter for iPhone</a>","TuFPF",8,FALSE,FALSE,NA,NA
"¡Ya estamos a la venta! <U+0001F6A8>

Adquiere tus entradas para el duelo entre nuestra @SeleccionPeru <U+0001F1F5><U+0001F1EA> y @SeleVinotinto <U+0001F1FB><U+0001F1EA>… https://t.co/60wV0ayFyA",FALSE,144,NA,2021-09-04 01:32:58,TRUE,NA,"1433966284903964672",NA,"<a href=""http://twitter.com/download/iphone"" rel=""nofollow"">Twitter for iPhone</a>","TuFPF",18,FALSE,FALSE,NA,NA
"¡Atención hincha 'blanquirrojo'! <U+0001F1F5><U+0001F1EA>

Hoy a las 8:30 p.m. se abre la venta de entradas para el encuentro ante Venezu… https://t.co/iOOqBxplGd",FALSE,92,NA,2021-09-04 00:56:13,TRUE,NA,"1433957037159895041",NA,"<a href=""http://twitter.com/download/iphone"" rel=""nofollow"">Twitter for iPhone</a>","TuFPF",14,FALSE,FALSE,NA,NA
"Un día como hoy, en 1922, se fundó el @Club_JuanAurich. 

¡Muchas felicidades a todos los seguidores del 'Ciclón de… https://t.co/sLeQBzX5XW",FALSE,156,NA,2021-09-03 17:50:46,TRUE,NA,"1433849966204751873",NA,"<a href=""http://twitter.com/download/iphone"" rel=""nofollow"">Twitter for iPhone</a>","TuFPF",16,FALSE,FALSE,NA,NA
"¡Atención hinchas! <U+0001F6A8><U+0001F3DF>

Aún puedes adquirir entradas en: 

<U+0001F4BB> https://t.co/f1EY0Fll1G

#LasVacunasSíProtegen… https://t.co/qE1m0QntSP",FALSE,172,NA,2021-09-02 22:27:09,TRUE,NA,"1433557134600388624",NA,"<a href=""http://twitter.com/download/iphone"" rel=""nofollow"">Twitter for iPhone</a>","TuFPF",17,FALSE,FALSE,NA,NA
"¡Atención a los medios de prensa! <U+261D><U+0001F3FB>

La @TuFPF  informa a los periodistas acreditados para el partido de nuestra… https://t.co/YanB1Ku5Rz",FALSE,105,NA,2021-09-02 18:43:41,TRUE,NA,"1433500898110722050",NA,"<a href=""https://mobile.twitter.com"" rel=""nofollow"">Twitter Web App</a>","TuFPF",5,FALSE,FALSE,NA,NA
"¡Recomendaciones a seguir! <U+0001F6A8>

#LasVacunasSíProtegen
#ArribaPerú <U+0001F4AA><U+0001F3FC> https://t.co/pn3LBoPnWO",FALSE,384,NA,2021-09-02 17:53:51,FALSE,NA,"1433488356852256774",NA,"<a href=""http://twitter.com/download/iphone"" rel=""nofollow"">Twitter for iPhone</a>","TuFPF",41,FALSE,FALSE,NA,NA
"¡Recuerda si vas al estadio! <U+0001F55A><U+0001F3DF>

Estos son los horarios de ingreso a las tribunas del Estadio Nacional. Alentemos a… https://t.co/2QuU6ZP1Zw",FALSE,310,NA,2021-09-02 17:37:52,TRUE,NA,"1433484331008286724",NA,"<a href=""http://twitter.com/download/iphone"" rel=""nofollow"">Twitter for iPhone</a>","TuFPF",31,FALSE,FALSE,NA,NA
"¡Atención al público asistente! <U+0001F4DD>

Tomar en cuenta las rutas de acceso para el ingreso a las tribunas del Estadio N… https://t.co/SEq11a8CZ7",FALSE,165,NA,2021-09-02 17:27:04,TRUE,NA,"1433481613522964483",NA,"<a href=""http://twitter.com/download/iphone"" rel=""nofollow"">Twitter for iPhone</a>","TuFPF",16,FALSE,FALSE,NA,NA
"¡Información importante! <U+270D><U+FE0F>

Estos son los pasos a seguir para adquirir entradas para el duelo entre nuestra… https://t.co/MXy9gxIseN",FALSE,190,NA,2021-09-02 02:26:07,TRUE,NA,"1433254882123915264",NA,"<a href=""http://twitter.com/download/iphone"" rel=""nofollow"">Twitter for iPhone</a>","TuFPF",29,FALSE,FALSE,NA,NA
"¡Atención abonados! <U+261D><U+0001F3FB>

Estos son los pasos que deben seguir para alentar desde las tribunas a nuestra… https://t.co/y1nSBr01Se",FALSE,308,NA,2021-09-02 01:41:48,TRUE,NA,"1433243729951924229",NA,"<a href=""http://twitter.com/download/iphone"" rel=""nofollow"">Twitter for iPhone</a>","TuFPF",37,FALSE,FALSE,NA,NA
"¡Atención! <U+0001F534><U+26AA><U+0001F534>

Adquiere tus entradas para el duelo entre nuestra @SeleccionPeru <U+0001F1F5><U+0001F1EA> y @Uruguay <U+0001F1FA><U+0001F1FE>. 

<U+231A> 10:00 p.m
<U+0001F4BB>… https://t.co/qGTllFs2y2",FALSE,700,NA,2021-09-02 00:23:58,TRUE,NA,"1433224144682954756",NA,"<a href=""https://mobile.twitter.com"" rel=""nofollow"">Twitter Web App</a>","TuFPF",114,FALSE,FALSE,NA,NA
"Agradecemos al @MininterPeru y al ministro @JuanCarrascoMi por brindar la seguridad y garantías al público que asis… https://t.co/xbfKh3PgqZ",FALSE,122,NA,2021-09-01 23:58:06,TRUE,NA,"1433217635731263498",NA,"<a href=""https://mobile.twitter.com"" rel=""nofollow"">Twitter Web App</a>","TuFPF",16,FALSE,FALSE,NA,NA
"¡Muy recomendable! <U+270D><U+FE0F><U+0001F3FB>

Si vas a alentar a nuestra @SeleccionPeru <U+0001F1F5><U+0001F1EA> desde la tribuna, ten en cuenta estas indicaci… https://t.co/UmeAwOHpsP",FALSE,576,NA,2021-09-01 18:00:46,TRUE,NA,"1433127709434069004",NA,"<a href=""https://mobile.twitter.com"" rel=""nofollow"">Twitter Web App</a>","TuFPF",94,FALSE,FALSE,NA,NA
"¡Que sea seguro volver a la cancha! <U+0001F64C><U+0001F3FB><U+0001F3DF><U+FE0F>

Respetemos los requisitos y protocolos de bioseguridad indispensables par… https://t.co/YPqgly8gCl",FALSE,578,NA,2021-09-01 17:21:13,TRUE,NA,"1433117756434563073",NA,"<a href=""https://mobile.twitter.com"" rel=""nofollow"">Twitter Web App</a>","TuFPF",115,FALSE,FALSE,NA,NA
"¡De vuelta a casa! <U+0001F3DF>

Los hinchas regresan al Estadio Nacional para el duelo entre nuestra @SeleccionPeru <U+0001F1F5><U+0001F1EA> y… https://t.co/tf6wXgPQes",FALSE,980,NA,2021-09-01 14:52:45,TRUE,NA,"1433080393838780418",NA,"<a href=""https://mobile.twitter.com"" rel=""nofollow"">Twitter Web App</a>","TuFPF",164,FALSE,FALSE,NA,NA
"La @TuFPF agradece a @presidenciaperu y autoridades del @Minsa_Peru  por permitir que nuestra @SeleccionPeru <U+0001F1F5><U+0001F1EA> jue… https://t.co/mcDNMHpbHv",FALSE,1373,NA,2021-09-01 04:27:39,TRUE,NA,"1432923079764754432",NA,"<a href=""https://mobile.twitter.com"" rel=""nofollow"">Twitter Web App</a>","TuFPF",151,FALSE,FALSE,NA,NA
"Comunicado de la Comisión Electoral designada por la Asamblea de Bases de la @TuFPF  <U+25B6><U+FE0F>  https://t.co/84cpohRQA2 https://t.co/o4XZx43fQc",FALSE,121,NA,2021-08-29 02:18:27,FALSE,NA,"1431803400912572419",NA,"<a href=""http://twitter.com/download/iphone"" rel=""nofollow"">Twitter for iPhone</a>","TuFPF",9,FALSE,FALSE,NA,NA
"Se instaló la Mesa de de Trabajo entre @Minsa_Peru  y @TuFPF para el retorno del público con aforo reducido y afina… https://t.co/adwNPUtE2w",FALSE,506,NA,2021-08-26 01:18:22,TRUE,NA,"1430701118401695766",NA,"<a href=""https://mobile.twitter.com"" rel=""nofollow"">Twitter Web App</a>","TuFPF",89,FALSE,FALSE,NA,NA
"¡Por más alegrías! <U+26BD><U+FE0F><U+2728>

Celebramos 9<U+FE0F><U+20E3>9<U+FE0F><U+20E3> años trabajando por el desarrollo del fútbol peruano.

¡Siempre… https://t.co/I3MVGoDhp0",FALSE,127,NA,2021-08-24 00:59:33,TRUE,NA,"1429971606701551618",NA,"<a href=""http://twitter.com/download/iphone"" rel=""nofollow"">Twitter for iPhone</a>","TuFPF",24,FALSE,FALSE,NA,NA
"¡Muchas gracias @Club_USMP! <U+0001F91D> https://t.co/jyRrP8FayL",FALSE,46,NA,2021-08-23 21:15:53,FALSE,NA,"1429915321041829889",NA,"<a href=""http://twitter.com/download/iphone"" rel=""nofollow"">Twitter for iPhone</a>","TuFPF",4,FALSE,FALSE,NA,NA
"¡Muchas gracias @ligafemfpf! <U+0001F91D> https://t.co/da8YHjyk5O",FALSE,39,NA,2021-08-23 21:00:40,FALSE,NA,"1429911490006556677",NA,"<a href=""http://twitter.com/download/iphone"" rel=""nofollow"">Twitter for iPhone</a>","TuFPF",1,FALSE,FALSE,NA,NA
"¡Muchas gracias @LigaFutProf! <U+0001F91D> https://t.co/LzmOlsxCrm",FALSE,72,NA,2021-08-23 17:59:30,FALSE,NA,"1429865900103045125",NA,"<a href=""http://twitter.com/download/iphone"" rel=""nofollow"">Twitter for iPhone</a>","TuFPF",3,FALSE,FALSE,NA,NA
"¡Muchas gracias @CCDMunicipal! <U+0001F91D> https://t.co/K6PWCk737c",FALSE,72,NA,2021-08-23 17:56:40,FALSE,NA,"1429865185737588741",NA,"<a href=""http://twitter.com/download/iphone"" rel=""nofollow"">Twitter for iPhone</a>","TuFPF",4,FALSE,FALSE,NA,NA
"¡Muchas gracias @alianzasullana_! <U+0001F91D> https://t.co/cpq7Wgje9w",FALSE,42,NA,2021-08-23 17:55:33,FALSE,NA,"1429864904782139397",NA,"<a href=""http://twitter.com/download/iphone"" rel=""nofollow"">Twitter for iPhone</a>","TuFPF",1,FALSE,FALSE,NA,NA
"¡Muchas gracias @ClubSCristal! <U+0001F91D> https://t.co/mB8Avhtq9a",FALSE,52,NA,2021-08-23 17:53:33,FALSE,NA,"1429864399272042509",NA,"<a href=""http://twitter.com/download/iphone"" rel=""nofollow"">Twitter for iPhone</a>","TuFPF",1,FALSE,FALSE,NA,NA
"¡Muchas gracias @ClubALoficial! <U+0001F91D> https://t.co/woYbwaY677",FALSE,85,NA,2021-08-23 17:53:11,FALSE,NA,"1429864309476184073",NA,"<a href=""http://twitter.com/download/iphone"" rel=""nofollow"">Twitter for iPhone</a>","TuFPF",6,FALSE,FALSE,NA,NA
"¡Muchas gracias @Universitario! <U+0001F91D> https://t.co/2FUGmcG6ML",FALSE,176,NA,2021-08-23 17:52:46,FALSE,NA,"1429864202232029192",NA,"<a href=""http://twitter.com/download/iphone"" rel=""nofollow"">Twitter for iPhone</a>","TuFPF",6,FALSE,FALSE,NA,NA
"¡Muchas gracias @AUFOficial! <U+0001F91D> https://t.co/EfmDX7Dgwu",FALSE,66,NA,2021-08-23 17:49:45,FALSE,NA,"1429863443679653893",NA,"<a href=""http://twitter.com/download/iphone"" rel=""nofollow"">Twitter for iPhone</a>","TuFPF",1,FALSE,FALSE,NA,NA
"¡Muchas gracias @APFOficial! <U+0001F91D> https://t.co/ORBfgRujcI",FALSE,58,NA,2021-08-23 17:47:31,FALSE,NA,"1429862883672956928",NA,"<a href=""http://twitter.com/download/iphone"" rel=""nofollow"">Twitter for iPhone</a>","TuFPF",1,FALSE,FALSE,NA,NA
"¡Muchas gracias @FCFSeleccionCol! <U+0001F91D> https://t.co/mACQefp5B3",FALSE,60,NA,2021-08-23 17:46:30,FALSE,NA,"1429862625719029763",NA,"<a href=""http://twitter.com/download/iphone"" rel=""nofollow"">Twitter for iPhone</a>","TuFPF",1,FALSE,FALSE,NA,NA
"¡Muchas gracias @afa! <U+0001F91D> https://t.co/YvEJAuSmvY",FALSE,71,NA,2021-08-23 17:45:23,FALSE,NA,"1429862344260210695",NA,"<a href=""http://twitter.com/download/iphone"" rel=""nofollow"">Twitter for iPhone</a>","TuFPF",3,FALSE,FALSE,NA,NA
"¡Muchas gracias @CONMEBOL! <U+0001F91D> https://t.co/RuxV1LbIrH",FALSE,341,NA,2021-08-23 17:44:35,FALSE,NA,"1429862143525011458",NA,"<a href=""http://twitter.com/download/iphone"" rel=""nofollow"">Twitter for iPhone</a>","TuFPF",17,FALSE,FALSE,NA,NA
"Un día como hoy, en 1927, se fundó la @FMF. 

¡Muchas felicidades y los mejores deseos! <U+0001F38A> https://t.co/8uRKD0N27e",FALSE,207,NA,2021-08-23 16:46:38,FALSE,NA,"1429847562648014851",NA,"<a href=""http://twitter.com/download/iphone"" rel=""nofollow"">Twitter for iPhone</a>","TuFPF",8,FALSE,FALSE,NA,NA
"¡Una vida plagada de fútbol! <U+26BD><U+FE0F><U+2764><U+FE0F>

Estos son los logros conseguidos por la @TuFPF en sus 9<U+FE0F><U+20E3>9<U+FE0F><U+20E3> años de vida instit… https://t.co/0cIP01YxHD",FALSE,129,NA,2021-08-23 15:45:31,TRUE,NA,"1429832178620370948",NA,"<a href=""http://twitter.com/download/iphone"" rel=""nofollow"">Twitter for iPhone</a>","TuFPF",18,FALSE,FALSE,NA,NA
"¡Rumbo a un centenario soñado! <U+0001F1F5><U+0001F1EA><U+0001F51C><U+0001F4AF>

En estos 9<U+FE0F><U+20E3>9<U+FE0F><U+20E3> años de vida institucional, seguimos comprometidos y sumando e… https://t.co/RJqjqL02UK",FALSE,491,NA,2021-08-23 13:32:47,TRUE,NA,"1429798776672333827",NA,"<a href=""http://twitter.com/download/iphone"" rel=""nofollow"">Twitter for iPhone</a>","TuFPF",57,FALSE,FALSE,NA,NA
"La @TuFPF recibió en la semana en curso a la «Misión Perú» de @FIFAcom en una visita de 4 días, en la cual se efect… https://t.co/dnfITg5UqP",FALSE,40,NA,2021-08-21 00:54:38,TRUE,NA,"1428883206347055108",NA,"<a href=""http://twitter.com/download/iphone"" rel=""nofollow"">Twitter for iPhone</a>","TuFPF",5,FALSE,FALSE,NA,NA
"¡Regreso esperado! <U+26BD><U+FE0F>

La @TuFPF puso en marcha el retorno de la actividad deportiva para los menores en sus Centro… https://t.co/g0pttdu5wB",FALSE,67,NA,2021-08-20 22:08:04,TRUE,NA,"1428841287785095170",NA,"<a href=""https://mobile.twitter.com"" rel=""nofollow"">Twitter Web App</a>","TuFPF",3,FALSE,FALSE,NA,NA
"CONAR inició curso para árbitros instructores y asesores, el cual se desarrollará del 16 al 19 de agosto. 

Más inf… https://t.co/FnB1Chzpy2",FALSE,71,NA,2021-08-16 17:48:35,TRUE,NA,"1427326436789137409",NA,"<a href=""http://twitter.com/download/iphone"" rel=""nofollow"">Twitter for iPhone</a>","TuFPF",4,FALSE,FALSE,NA,NA
"Un día como hoy, en 2008, se fundó @fc_ayacucho. 

¡Muchas felicidades a todos sus hinchas! <U+0001F38A> https://t.co/pBC5AvSG6W",FALSE,105,NA,2021-08-09 15:55:53,FALSE,NA,"1424761358156017671",NA,"<a href=""http://twitter.com/download/iphone"" rel=""nofollow"">Twitter for iPhone</a>","TuFPF",3,FALSE,FALSE,NA,NA
"Joseph Sotomayor (Magic_JS7) se consagró campeón de la 1º FanCup Online, luego de derrotar por diferencia de gol a… https://t.co/KNdaaSFUDj",FALSE,73,NA,2021-08-09 01:07:24,TRUE,NA,"1424537765316857857",NA,"<a href=""http://twitter.com/download/iphone"" rel=""nofollow"">Twitter for iPhone</a>","TuFPF",7,FALSE,FALSE,NA,NA
"Hoy se definen los 4<U+FE0F><U+20E3> mejores que pasarán a las semifinales y final. Partidos de ida y vuelta para estar un poco m… https://t.co/xnNXRobwPt",FALSE,33,NA,2021-08-07 23:00:10,TRUE,NA,"1424143359283707906",NA,"<a href=""http://twitter.com/download/iphone"" rel=""nofollow"">Twitter for iPhone</a>","TuFPF",2,FALSE,FALSE,NA,NA
"Un día como hoy, en 1924, se fundó @Universitario.

¡Muchas felicidades a todos los hinchas 'cremas'! <U+0001F38A> https://t.co/RT1FNbV3G6",FALSE,1584,NA,2021-08-07 14:19:59,FALSE,NA,"1424012449867575299",NA,"<a href=""http://twitter.com/download/iphone"" rel=""nofollow"">Twitter for iPhone</a>","TuFPF",186,FALSE,FALSE,NA,NA
"El presidente de la Junta Directiva de @TuFPF convoca a Asamblea de Bases Eleccionaria a desarrollarse los días lun… https://t.co/7SmyQ2mHEr",FALSE,75,NA,2021-08-07 00:17:21,TRUE,NA,"1423800392253644801",NA,"<a href=""http://twitter.com/download/iphone"" rel=""nofollow"">Twitter for iPhone</a>","TuFPF",11,FALSE,FALSE,NA,NA
"Recibimos con mucha alegría la noticia de que Toño Vargas, reconocido locutor de nuestra @SeleccionPeru <U+0001F1F5><U+0001F1EA>, pudo ve… https://t.co/KgowslvUNv",FALSE,1099,NA,2021-08-06 19:42:14,TRUE,NA,"1423731157997391877",NA,"<a href=""http://twitter.com/download/iphone"" rel=""nofollow"">Twitter for iPhone</a>","TuFPF",73,FALSE,FALSE,NA,NA
"¡Las rondas se ponen cada vez más difíciles! <U+26BD><U+FE0F><U+0001F3AE>

Hoy hasta las 23:59 horas tienes tiempo de jugar tu partido de 4t… https://t.co/yJHf7ehFws",FALSE,28,NA,2021-08-06 00:10:46,TRUE,NA,"1423436350972366849",NA,"<a href=""https://mobile.twitter.com"" rel=""nofollow"">Twitter Web App</a>","TuFPF",0,FALSE,FALSE,NA,NA
"¡Capacitación constante! <U+26BD><U+FE0F>

Treinta árbitros peruanos participaron del Curso FIFA-RAP (Programa de Asistencia al A… https://t.co/mMt8DZiLdw",FALSE,47,NA,2021-08-04 20:26:51,TRUE,NA,"1423017609918885890",NA,"<a href=""https://mobile.twitter.com"" rel=""nofollow"">Twitter Web App</a>","TuFPF",1,FALSE,FALSE,NA,NA
"¡Continúa el torneo para aficionados más importante del país! <U+0001F3AE><U+26BD><U+FE0F>

Hoy se juega la 3° ronda eliminatoria y puedes p… https://t.co/g5TA1gXmkx",FALSE,26,NA,2021-08-04 15:17:38,TRUE,NA,"1422939792782864390",NA,"<a href=""https://mobile.twitter.com"" rel=""nofollow"">Twitter Web App</a>","TuFPF",0,FALSE,FALSE,NA,NA
"¡Atención! <U+0001F6A8>

@CONMEBOL se pronunció sobre posibilidad de fechas triples de las Clasificatorias Sudamericanas en lo… https://t.co/Q2snGyNYJb",FALSE,107,NA,2021-08-03 20:09:33,TRUE,NA,"1422650870894899205",NA,"<a href=""https://mobile.twitter.com"" rel=""nofollow"">Twitter Web App</a>","TuFPF",14,FALSE,FALSE,NA,NA
"Hoy terminamos la segunda ronda: ¿Aún sigues en camino? <U+0001F3AE><U+26BD>

En estos enlaces a la plataforma puedes ver el fixture:… https://t.co/buD99Y86Y4",FALSE,29,NA,2021-08-03 15:47:02,TRUE,NA,"1422584803820462081",NA,"<a href=""https://mobile.twitter.com"" rel=""nofollow"">Twitter Web App</a>","TuFPF",0,FALSE,FALSE,NA,NA
"¡La segunda ronda eliminatoria en juego! <U+0001F3AE><U+26BD><U+FE0F>

Nuestro seleccionado @edisonflores135 sigue con vida en el torneo. <U+0001F442>… https://t.co/UYpV53Tp2m",FALSE,27,NA,2021-08-02 22:31:46,TRUE,NA,"1422324270341009408",NA,"<a href=""https://mobile.twitter.com"" rel=""nofollow"">Twitter Web App</a>","TuFPF",0,FALSE,FALSE,NA,NA
"¡Tiende la mano! <U+0001F91D>

Nos sumamos a la campaña impulsada por @FIFAcom  para fortalecer nuestra salud mental, combatir… https://t.co/GQDPaiqZe5",FALSE,62,NA,2021-08-02 20:36:10,TRUE,NA,"1422295177771864074",NA,"<a href=""https://mobile.twitter.com"" rel=""nofollow"">Twitter Web App</a>","TuFPF",6,FALSE,FALSE,NA,NA
"¡Es hoy! <U+0001F3AE><U+26BD><U+FE0F>

Si no jugaste aún, tienes la última oportunidad de seguir en el torneo que consagra al mejor jugador… https://t.co/IU0090RfpG",FALSE,26,NA,2021-08-01 14:38:51,TRUE,NA,"1421842870634532868",NA,"<a href=""https://mobile.twitter.com"" rel=""nofollow"">Twitter Web App</a>","TuFPF",0,FALSE,FALSE,NA,NA
"¡A jugar! <U+0001F3AE>

Continuamos la primera ronda hasta el 1 de agosto. Revisa tu correo para conocer a tu rival y ¡rétalo… https://t.co/ARK5NHXCQc",FALSE,34,NA,2021-07-30 22:30:37,TRUE,NA,"1421236816632557568",NA,"<a href=""https://mobile.twitter.com"" rel=""nofollow"">Twitter Web App</a>","TuFPF",3,FALSE,FALSE,NA,NA
"¡Empezamos el torneo! <U+0001F3AE><U+0001F3C6>

Ya se pone en juego la primera ronda.

Si estás habilitado a jugar, recibirás un correo c… https://t.co/Zp5IPyh5f8",FALSE,36,NA,2021-07-29 15:14:02,TRUE,NA,"1420764559934038029",NA,"<a href=""https://mobile.twitter.com"" rel=""nofollow"">Twitter Web App</a>","TuFPF",1,FALSE,FALSE,NA,NA
"¡La 1º FanCup online, el torneo de #FIFA21 para jugadores aficionados más importante del país, ya está por empezar!… https://t.co/AYGSW0Gzot",FALSE,46,NA,2021-07-29 00:27:10,TRUE,NA,"1420541373007245314",NA,"<a href=""http://twitter.com/download/iphone"" rel=""nofollow"">Twitter for iPhone</a>","TuFPF",2,FALSE,FALSE,NA,NA
"Un día como hoy, en 1927, se fundó @SportBoys. 

¡Felicidades a todos los hinchas del club 'rosado' que celebran en… https://t.co/oMdjM6SeOA",FALSE,232,NA,2021-07-28 19:38:50,TRUE,NA,"1420468813485780995",NA,"<a href=""https://mobile.twitter.com"" rel=""nofollow"">Twitter Web App</a>","TuFPF",27,FALSE,FALSE,NA,NA
"¡Cerca al Mundial! <U+0001F64C><U+0001F3FB>

Nuestro eSeleccionado @MagicJs7 y @domenicosuarezo, campeón de la eLiga1, se juegan el pase… https://t.co/gmcLmEIOxc",FALSE,104,NA,2021-06-25 15:49:47,TRUE,NA,"1408452368417624065",NA,"<a href=""https://mobile.twitter.com"" rel=""nofollow"">Twitter Web App</a>","TuFPF",8,FALSE,FALSE,NA,NA
"La @TuFPF lamenta el sensible fallecimiento de Eleazar Soria Ibarra, histórico futbolista de nuestra @SeleccionPeru… https://t.co/IuoYJ4esrU",FALSE,1470,NA,2021-06-25 03:08:30,TRUE,NA,"1408260785759997955",NA,"<a href=""https://mobile.twitter.com"" rel=""nofollow"">Twitter Web App</a>","TuFPF",160,FALSE,FALSE,NA,NA
"¡Ellos también juegan! <U+0001F4AA>

Hoy desde el mediodía, nuestros eSeleccionados @elegpt97,@MagicJs7 y el campeón de la… https://t.co/QVyUtUjV8u",FALSE,179,NA,2021-06-23 15:27:22,TRUE,NA,"1407721953092423680",NA,"<a href=""https://mobile.twitter.com"" rel=""nofollow"">Twitter Web App</a>","TuFPF",23,FALSE,FALSE,NA,NA
"¡Las gracias serán eternas! <U+2764><U+FE0F><U+26BD><U+FE0F>

Por darnos un gran ejemplo, compartir tu pasión y entender nuestros sueños. Siemp… https://t.co/ACyGHkK1om",FALSE,416,NA,2021-06-20 15:18:08,TRUE,NA,"1406632466660614146",NA,"<a href=""https://mobile.twitter.com"" rel=""nofollow"">Twitter Web App</a>","TuFPF",69,FALSE,FALSE,NA,NA
"Saludamos afectuosamente a la Federación de Fútbol de Chile <U+0001F1E8><U+0001F1F1> en su 126° aniversario. 

¡Muchas felicidades! <U+0001F389> https://t.co/sa73cNWBeC",FALSE,1467,NA,2021-06-19 15:02:35,FALSE,NA,"1406266165438124035",NA,"<a href=""https://mobile.twitter.com"" rel=""nofollow"">Twitter Web App</a>","TuFPF",80,FALSE,FALSE,NA,NA
"Saludamos afectuosamente a la @APFOficial en su 115° aniversario. 

¡Muchas felicidades! <U+0001F389> https://t.co/anQFnETgPp",FALSE,305,NA,2021-06-18 14:28:03,FALSE,NA,"1405895085401817088",NA,"<a href=""https://mobile.twitter.com"" rel=""nofollow"">Twitter Web App</a>","TuFPF",13,FALSE,FALSE,NA,NA
"Resolución FPF N° 006-FPF-2021 referida a los Grupos de Interés de la @TuFPF  <U+25B6><U+FE0F> https://t.co/nKroGoosMb https://t.co/AsjxealB96",FALSE,123,NA,2021-06-15 04:12:58,FALSE,NA,"1404653131976294404",NA,"<a href=""https://mobile.twitter.com"" rel=""nofollow"">Twitter Web App</a>","TuFPF",4,FALSE,FALSE,NA,NA
"La @TuFPF saluda afectuosamente al @ipdperu en su 40° aniversario de vida institucional trabajando por el deporte p… https://t.co/vhDeiWF4n1",FALSE,195,NA,2021-06-12 15:36:08,TRUE,NA,"1403737893743607811",NA,"<a href=""http://twitter.com/download/iphone"" rel=""nofollow"">Twitter for iPhone</a>","TuFPF",12,FALSE,FALSE,NA,NA
"Saludamos afectuosamente a la @CBF_Futebol en su 107° aniversario. 

¡Muchas felicidades! <U+0001F38A> https://t.co/etKkdctGA1",FALSE,397,NA,2021-06-08 17:57:13,FALSE,NA,"1402323844182970368",NA,"<a href=""http://twitter.com/download/iphone"" rel=""nofollow"">Twitter for iPhone</a>","TuFPF",14,FALSE,FALSE,NA,NA
"Un día como hoy, en 1919, se fundó @Grau_Oficial.

¡Muchas felicidades al histórico equipo piurano y a todos los hi… https://t.co/5zOzY8DwVQ",FALSE,151,NA,2021-06-05 21:29:27,TRUE,NA,"1401290094804353024",NA,"<a href=""https://mobile.twitter.com"" rel=""nofollow"">Twitter Web App</a>","TuFPF",10,FALSE,FALSE,NA,NA
"La @TuFPF lamenta el sensible fallecimiento del reconocido periodista y narrador deportivo, Juan Iglesias Menéndez.… https://t.co/sSactNCCQa",FALSE,183,NA,2021-06-04 18:31:49,TRUE,NA,"1400883003203653641",NA,"<a href=""https://mobile.twitter.com"" rel=""nofollow"">Twitter Web App</a>","TuFPF",15,FALSE,FALSE,NA,NA
"Eleazar Soria Ibarra,  histórico defensor de la @SeleccionPeru <U+0001F1F5><U+0001F1EA> en la década del 70 donde se logró esa preciada… https://t.co/ubS2TZ6I5H",FALSE,524,NA,2021-06-03 18:46:06,TRUE,NA,"1400524210288697345",NA,"<a href=""https://mobile.twitter.com"" rel=""nofollow"">Twitter Web App</a>","TuFPF",44,FALSE,FALSE,NA,NA
"#ComunicadoFPF Participación Selección Peruana en la Copa América 2021 <U+25B6><U+FE0F> https://t.co/32r1tEvCoO https://t.co/BOHVUSmGx7",FALSE,268,NA,2021-06-03 00:06:42,FALSE,NA,"1400242502763003904",NA,"<a href=""http://twitter.com/download/iphone"" rel=""nofollow"">Twitter for iPhone</a>","TuFPF",30,FALSE,FALSE,NA,NA
"La @TuFPF lamenta el sensible fallecimiento de Ottorino Sartor, campeón de la @CopaAmerica 1975 y mundialista en Ar… https://t.co/usIqvIOSO0",FALSE,552,NA,2021-06-02 21:39:17,TRUE,NA,"1400205403208785923",NA,"<a href=""http://twitter.com/download/iphone"" rel=""nofollow"">Twitter for iPhone</a>","TuFPF",76,FALSE,FALSE,NA,NA
"Saludamos a @ClubSCristal por ser el ganador de la Fase 1 de la #Liga1Betsson.

¡Felicidades a todos los 'rimenses'… https://t.co/v2hpHFWqCk",FALSE,856,NA,2021-06-01 01:28:12,TRUE,NA,"1399538236360384513",NA,"<a href=""http://twitter.com/download/iphone"" rel=""nofollow"">Twitter for iPhone</a>","TuFPF",60,FALSE,FALSE,NA,NA
"¡Orgullo peruano! <U+0001F44F><U+0001F3FB><U+0001F1F5><U+0001F1EA>

Felicitamos a Yoshimar Yotún y Juan Reynoso por el título de la @LigaBBVAMX con @CruzAzul y… https://t.co/EDUJ56uhbE",FALSE,2732,NA,2021-05-31 22:14:52,TRUE,NA,"1399489584048836614",NA,"<a href=""http://twitter.com/download/iphone"" rel=""nofollow"">Twitter for iPhone</a>","TuFPF",280,FALSE,FALSE,NA,NA
"La @TuFPF saluda afectuosamente a la @FEFecuador en sus 96 años de vida institucional. 

¡Muchas felicidades y los… https://t.co/w3n3LBzgVd",FALSE,216,NA,2021-05-30 15:40:57,TRUE,NA,"1399028063061557250",NA,"<a href=""https://mobile.twitter.com"" rel=""nofollow"">Twitter Web App</a>","TuFPF",14,FALSE,FALSE,NA,NA
"¡Listos para que ruede el balón! <U+26BD><U+FE0F><U+0001F64C><U+0001F3FC>

Así quedó el fixture para el inicio de la Liga Femenina 2021. https://t.co/JSR5s6RJNQ",FALSE,379,NA,2021-05-24 18:02:49,FALSE,NA,"1396889436693188625",NA,"<a href=""http://twitter.com/download/iphone"" rel=""nofollow"">Twitter for iPhone</a>","TuFPF",66,FALSE,FALSE,NA,NA
"¡Feliz día, chicas! <U+0001F64B><U+0001F3FB><U+200D><U+2640><U+FE0F>

La @TuFPF expresa su reconocimiento y saludo a todas las futbolistas de nuestro país en… https://t.co/0RQQuOEhug",FALSE,576,NA,2021-05-23 22:42:01,TRUE,NA,"1396597311787110403",NA,"<a href=""http://twitter.com/download/iphone"" rel=""nofollow"">Twitter for iPhone</a>","TuFPF",58,FALSE,FALSE,NA,NA
"¡Lo que tanto esperabas! <U+0001F64B><U+0001F3FB><U+200D><U+2640><U+FE0F>

Este lunes no te pierdas toda la información oficial acerca de la Liga Femenina 202… https://t.co/7EtfSqwP21",FALSE,282,NA,2021-05-22 14:41:54,TRUE,NA,"1396114099306700809",NA,"<a href=""http://twitter.com/download/iphone"" rel=""nofollow"">Twitter for iPhone</a>","TuFPF",36,FALSE,FALSE,NA,NA
"Un día como hoy, en 1904, se fundó @FIFAcom, el ente máximo del fútbol mundial.

¡Muchas felicidades en su 117 aniv… https://t.co/hltHtlfnoa",FALSE,293,NA,2021-05-21 15:05:30,TRUE,NA,"1395757648985874436",NA,"<a href=""http://twitter.com/download/iphone"" rel=""nofollow"">Twitter for iPhone</a>","TuFPF",11,FALSE,FALSE,NA,NA
"¡Vamos calentando motores! <U+0001F4AA><U+0001F3FB>

Pronto serás parte de un gran acontecimiento. ¿Estás preparado?

#HinchaDeCorazón https://t.co/BvoLvZk51T",FALSE,342,NA,2021-05-20 01:04:42,FALSE,NA,"1395183667031519234",NA,"<a href=""https://mobile.twitter.com"" rel=""nofollow"">Twitter Web App</a>","TuFPF",11,FALSE,FALSE,NA,NA
"¡Un momento histórico! <U+26BD><U+FE0F><U+0001F481><U+200D><U+2640><U+FE0F>

Así fue la presentación del canal oficial que transmitirá la Liga Femenina 2021 con… https://t.co/wj0cZ02Spq",FALSE,304,NA,2021-05-08 03:13:38,TRUE,NA,"1390867459997982721",NA,"<a href=""https://mobile.twitter.com"" rel=""nofollow"">Twitter Web App</a>","TuFPF",51,FALSE,FALSE,NA,NA
"¡Atención! <U+0001F6A8>

En los próximos días, anunciaremos nuestras nuevas redes sociales para que sigas toda la información… https://t.co/A0RA5nPJDu",FALSE,345,NA,2021-05-08 00:47:02,TRUE,NA,"1390830570301796359",NA,"<a href=""https://mobile.twitter.com"" rel=""nofollow"">Twitter Web App</a>","TuFPF",34,FALSE,FALSE,NA,NA
"¡Todo listo! <U+0001F64B><U+0001F3FB><U+200D><U+2640><U+FE0F><U+26BD><U+FE0F>

No te pierdas el importante anuncio sobre la Liga Femenina 2021 este viernes desde las 12:00… https://t.co/XFKSh3m482",FALSE,131,NA,2021-05-07 01:00:05,TRUE,NA,"1390471462671187971",NA,"<a href=""http://twitter.com/download/iphone"" rel=""nofollow"">Twitter for iPhone</a>","TuFPF",19,FALSE,FALSE,NA,NA
"¡Momento clave para el fútbol femenino! <U+0001F64B><U+0001F3FB><U+200D><U+2640><U+FE0F>

Te presentamos los pormenores de lo que fue la presentación de la al… https://t.co/UIz8ltBpAN",FALSE,203,NA,2021-05-01 01:34:19,TRUE,NA,"1388305751072980994",NA,"<a href=""http://twitter.com/download/iphone"" rel=""nofollow"">Twitter for iPhone</a>","TuFPF",35,FALSE,FALSE,NA,NA
"¡Trabajando por el fútbol femenino! <U+0001F64B><U+0001F3FB><U+26BD>

@TuFPF y el Grupo MEDIAPRO firman importante acuerdo para transmitir por t… https://t.co/R75rpagQYu",FALSE,484,NA,2021-04-30 20:14:01,TRUE,NA,"1388225146037710850",NA,"<a href=""https://mobile.twitter.com"" rel=""nofollow"">Twitter Web App</a>","TuFPF",80,FALSE,FALSE,NA,NA
"La @TuFPF lamenta el sensible fallecimiento de José Cordova Solorzano, ex vicepresidente del @CCDMunicipal y ex pre… https://t.co/SZe6XR2K0V",FALSE,83,NA,2021-04-30 15:51:18,TRUE,NA,"1388159033199243264",NA,"<a href=""https://mobile.twitter.com"" rel=""nofollow"">Twitter Web App</a>","TuFPF",7,FALSE,FALSE,NA,NA
"¡Atención a todos los amantes del fútbol femenino! <U+26BD><U+0001F469><U+0001F3FB> https://t.co/y4ZZAjZS84",FALSE,232,NA,2021-04-30 01:54:38,FALSE,NA,"1387948477326495752",NA,"<a href=""http://twitter.com/download/iphone"" rel=""nofollow"">Twitter for iPhone</a>","TuFPF",44,FALSE,FALSE,NA,NA
"Un día como hoy, en 2016, se fundó @GOLPERUoficial. 

¡Muchas felicidades y los mejores deseos en su quinto anivers… https://t.co/kjbxdM4Etb",FALSE,238,NA,2021-04-29 20:55:44,TRUE,NA,"1387873255697039367",NA,"<a href=""https://mobile.twitter.com"" rel=""nofollow"">Twitter Web App</a>","TuFPF",10,FALSE,FALSE,NA,NA
"La @TuFPF lamenta el sensible fallecimiento de Sandra Huertas Polo, madre de Paolo Hurtado, futbolista de nuestra… https://t.co/0Eo8f1EJe1",FALSE,958,NA,2021-04-21 19:37:52,TRUE,NA,"1384954556468051972",NA,"<a href=""http://twitter.com/download/iphone"" rel=""nofollow"">Twitter for iPhone</a>","TuFPF",78,FALSE,FALSE,NA,NA
"Por primera vez en la historia, el diseño de las medallas de la @CopaAmerica nacerá en los hinchas y tú puedes ser… https://t.co/Utqe5KHqmR",FALSE,119,NA,2021-04-20 17:12:54,TRUE,NA,"1384555687481589763",NA,"<a href=""https://mobile.twitter.com"" rel=""nofollow"">Twitter Web App</a>","TuFPF",20,FALSE,FALSE,NA,NA
"¡Seguridad total! <U+0001F97C><U+26BD>

Le damos la bienvenida a @unilabs como nuevo socio estratégico de la @TuFPF. Se une a nuestro… https://t.co/xMuBeOzrl3",FALSE,49,NA,2021-04-16 21:18:33,TRUE,NA,"1383167954871848965",NA,"<a href=""https://mobile.twitter.com"" rel=""nofollow"">Twitter Web App</a>","TuFPF",5,FALSE,FALSE,NA,NA
"¡Las inspecciones continúan! <U+26BD><U+FE0F><U+0001F481><U+200D><U+2640><U+FE0F>

Personal de @TuFPF ahora supervisó las instalaciones de entrenamiento del plan… https://t.co/Lk5jyOWbqL",FALSE,51,NA,2021-04-16 16:33:20,TRUE,NA,"1383096181069381636",NA,"<a href=""https://mobile.twitter.com"" rel=""nofollow"">Twitter Web App</a>","TuFPF",2,FALSE,FALSE,NA,NA
"¡Preparando el regreso! <U+0001F64B><U+0001F3FB><U+200D><U+2640><U+FE0F>

Personal de @TuFPF supervisó el centro de trabajos del plantel femenino de @clubucv… https://t.co/gF9HFF06Ss",FALSE,76,NA,2021-04-16 02:37:28,TRUE,NA,"1382885828465205248",NA,"<a href=""http://twitter.com/download/iphone"" rel=""nofollow"">Twitter for iPhone</a>","TuFPF",6,FALSE,FALSE,NA,NA
"Tras gestión de @TuFPF, el Gobierno autorizó que los equipos peruanos que participen de la @Libertadores y… https://t.co/hv3x0epptV",FALSE,365,NA,2021-04-15 02:18:39,TRUE,NA,"1382518702239854596",NA,"<a href=""https://mobile.twitter.com"" rel=""nofollow"">Twitter Web App</a>","TuFPF",48,FALSE,FALSE,NA,NA
"¡No te lo pierdas! <U+261D><U+FE0F>

Conéctate este jueves desde las 5:00 p.m. a nuestra transmisión vía Facebook Live para conoc… https://t.co/Ci7ggkEWLJ",FALSE,55,NA,2021-04-14 23:24:12,TRUE,NA,"1382474802255032323",NA,"<a href=""https://mobile.twitter.com"" rel=""nofollow"">Twitter Web App</a>","TuFPF",1,FALSE,FALSE,NA,NA
"Un día como hoy, en 1981, se fundó @ADCantolao. 

¡Muchas felicidades al cuadro 'Delfín'! <U+0001F389> https://t.co/ynNx7bcplO",FALSE,63,NA,2021-04-14 17:31:43,FALSE,NA,"1382386096596738048",NA,"<a href=""https://mobile.twitter.com"" rel=""nofollow"">Twitter Web App</a>","TuFPF",2,FALSE,FALSE,NA,NA
"¡Tarde de exámenes! <U+0001F489>

El plantel de @FutFemeninoU pasó pruebas moleculares en las instalaciones del @MonumentalU_… https://t.co/rslEXdFAnq",FALSE,174,NA,2021-04-14 00:34:36,TRUE,NA,"1382130128550047747",NA,"<a href=""http://twitter.com/download/iphone"" rel=""nofollow"">Twitter for iPhone</a>","TuFPF",11,FALSE,FALSE,NA,NA
"¡Turno de las 'santas'! <U+0001F64B><U+0001F3FB><U+200D><U+2640><U+FE0F>

Bajo supervisión del personal de @TuFPF, el plantel femenino de @Club_USMP pasó prue… https://t.co/sMhNzJommU",FALSE,88,NA,2021-04-12 22:48:59,TRUE,NA,"1381741165331034115",NA,"<a href=""http://twitter.com/download/iphone"" rel=""nofollow"">Twitter for iPhone</a>","TuFPF",5,FALSE,FALSE,NA,NA
"En conjunto con @EvolucionCSF, apoyamos el trabajo de nuestras selecciones juveniles, para generar más oportunidade… https://t.co/FqCgIS779m",FALSE,31,NA,2021-04-10 23:50:32,TRUE,NA,"1381031876496928769",NA,"<a href=""https://mobile.twitter.com"" rel=""nofollow"">Twitter Web App</a>","TuFPF",7,FALSE,FALSE,NA,NA
"¡Todos los cuidados! <U+0001F637>

El plantel de @SCfemenino pasó pruebas moleculares de descarte de COVID-19 en La Florida, p… https://t.co/zCQzzv1o39",FALSE,96,NA,2021-04-09 21:18:35,TRUE,NA,"1380631249379811328",NA,"<a href=""http://twitter.com/download/iphone"" rel=""nofollow"">Twitter for iPhone</a>","TuFPF",4,FALSE,FALSE,NA,NA
"¡Pruebas de rigor! <U+0001F489>

Bajo la supervisión de @TuFPF, el plantel femenino de @ClubALoficial pasó pruebas moleculares… https://t.co/MZyaDU05yj",FALSE,130,NA,2021-04-09 21:16:50,TRUE,NA,"1380630811096059910",NA,"<a href=""http://twitter.com/download/iphone"" rel=""nofollow"">Twitter for iPhone</a>","TuFPF",6,FALSE,FALSE,NA,NA
"Con el objetivo de valorar la exposición que reciben las marcas en el contenido publicado en nuestras redes sociale… https://t.co/cDkvgUu1nP",FALSE,70,NA,2021-04-08 18:47:16,TRUE,NA,"1380230779888934914",NA,"<a href=""https://mobile.twitter.com"" rel=""nofollow"">Twitter Web App</a>","TuFPF",10,FALSE,FALSE,NA,NA
"El @ipdperu comunicó a @TuFPF la autorización para el inicio del protocolo de entrenamientos de clubes que particip… https://t.co/pPqQUev4f0",FALSE,428,NA,2021-04-07 02:05:03,TRUE,NA,"1379616178516209664",NA,"<a href=""http://twitter.com/download/iphone"" rel=""nofollow"">Twitter for iPhone</a>","TuFPF",89,FALSE,FALSE,NA,NA
"¡Trabajando por el desarrollo de la @SeleccionPeru <U+0001F1F5><U+0001F1EA> ! 

Nuestras selecciones de Futsal y Fútbol Playa continúan p… https://t.co/6kF266je3v",FALSE,35,NA,2021-04-05 23:12:04,TRUE,NA,"1379210257721925634",NA,"<a href=""https://mobile.twitter.com"" rel=""nofollow"">Twitter Web App</a>","TuFPF",3,FALSE,FALSE,NA,NA
"La @TuFPF lamenta el sensible fallecimiento de Carlos Enciso Pérez Palma, reconocido periodista deportivo y jefe de… https://t.co/DOsJDlv4py",FALSE,205,NA,2021-04-02 16:39:49,TRUE,NA,"1378024381453045761",NA,"<a href=""https://mobile.twitter.com"" rel=""nofollow"">Twitter Web App</a>","TuFPF",25,FALSE,FALSE,NA,NA
"¡Sé parte del sistema del fútbol peruano! <U+26BD>

Conoce el proceso de admisión para los nuevos grupos de interés que pe… https://t.co/WLqOMaRuu9",FALSE,23,NA,2021-03-30 19:30:00,TRUE,NA,"1376980044287991811",NA,"<a href=""https://mobile.twitter.com"" rel=""nofollow"">Twitter Web App</a>","TuFPF",1,FALSE,FALSE,NA,NA
"La @TuFPF saluda afectuosamente a la @AUFOficial en sus 121 años de vida institucional. 

¡Muchas felicidades y los… https://t.co/6Hiq9A8NUR",FALSE,225,NA,2021-03-30 15:50:34,TRUE,NA,"1376924824069672973",NA,"<a href=""https://mobile.twitter.com"" rel=""nofollow"">Twitter Web App</a>","TuFPF",7,FALSE,FALSE,NA,NA
"Un día como hoy, en 1915, se fundó @MelgarOficial. 

¡Felicitaciones a todos sus hinchas! <U+0001F389> https://t.co/e3A2BOZyKu",FALSE,305,NA,2021-03-25 15:01:38,FALSE,NA,"1375100567433924610",NA,"<a href=""http://twitter.com/download/android"" rel=""nofollow"">Twitter for Android</a>","TuFPF",16,FALSE,FALSE,NA,NA
"#ComunicadoFPF <U+25B6><U+FE0F> https://t.co/oO07yCfrBP https://t.co/MIpsHu7VIb",FALSE,366,NA,2021-03-19 20:59:17,FALSE,NA,"1373016249119170560",NA,"<a href=""http://twitter.com/download/iphone"" rel=""nofollow"">Twitter for iPhone</a>","TuFPF",82,FALSE,FALSE,NA,NA
"#ComunicadoFPF <U+25B6><U+FE0F> https://t.co/jfqk50h5hn https://t.co/UbgUq2WZWA",FALSE,477,NA,2021-03-17 19:04:46,FALSE,NA,"1372262653377318916",NA,"<a href=""http://twitter.com/download/iphone"" rel=""nofollow"">Twitter for iPhone</a>","TuFPF",145,FALSE,FALSE,NA,NA
"La @TuFPF lamenta el sensible fallecimiento de Gerardo Flores, periodista de @GOLPERUoficial con una destacada tray… https://t.co/gIu9Hw1Ncs",FALSE,1126,NA,2021-03-13 02:32:50,TRUE,NA,"1370563472329748482",NA,"<a href=""https://mobile.twitter.com"" rel=""nofollow"">Twitter Web App</a>","TuFPF",115,FALSE,FALSE,NA,NA
"¡Valientes y responsables! <U+0001F44F>

Esfuerzo, lucha y dedicación son palabras que definen a la mujer peruana, pilar indis… https://t.co/NJYjh2iJHl",FALSE,95,NA,2021-03-08 14:01:46,TRUE,NA,"1368924910853177349",NA,"<a href=""http://twitter.com/download/android"" rel=""nofollow"">Twitter for Android</a>","TuFPF",23,FALSE,FALSE,NA,NA
"La @TuFPF lamenta el sensible fallecimiento de Miguel Miranda, ex portero de nuestra @SeleccionPeru <U+0001F1F5><U+0001F1EA> en la década… https://t.co/X9q40Chf1a",FALSE,1126,NA,2021-03-07 01:06:16,TRUE,NA,"1368367358864224258",NA,"<a href=""https://mobile.twitter.com"" rel=""nofollow"">Twitter Web App</a>","TuFPF",172,FALSE,FALSE,NA,NA
"En una reunión con presencia de @TuFPF, @CONMEBOL decidió suspender las fechas 5 y 6 de las Clasificatorias al Mund… https://t.co/x6gks06gtF",FALSE,104,NA,2021-03-06 18:15:36,TRUE,NA,"1368264014279622662",NA,"<a href=""https://mobile.twitter.com"" rel=""nofollow"">Twitter Web App</a>","TuFPF",21,FALSE,FALSE,NA,NA
"Un día como hoy, en 2012, se fundó @fcCarlosStein16.

¡Muchas felicidades y los mejores deseos! <U+0001F389> https://t.co/fhpM412L9T",FALSE,194,NA,2021-03-06 13:33:51,FALSE,NA,"1368193109092401152",NA,"<a href=""https://mobile.twitter.com"" rel=""nofollow"">Twitter Web App</a>","TuFPF",10,FALSE,FALSE,NA,NA
"La @TuFPF lamenta el sensible fallecimiento de Manuel Motta, exfutbolista que militó en clubes como Atlético Chalac… https://t.co/tNIjpfzuPy",FALSE,157,NA,2021-02-25 23:40:12,TRUE,NA,"1365084209996587009",NA,"<a href=""https://mobile.twitter.com"" rel=""nofollow"">Twitter Web App</a>","TuFPF",15,FALSE,FALSE,NA,NA
"¡Ya conocen a sus rivales! <U+0001F91C><U+0001F91B>

Esta mañana, se realizó el sorteo de la @LibertadoresFEM que se jugará del 5 al 21 d… https://t.co/6OpUrHdcYi",FALSE,183,NA,2021-02-23 20:58:25,TRUE,NA,"1364318720034758663",NA,"<a href=""https://mobile.twitter.com"" rel=""nofollow"">Twitter Web App</a>","TuFPF",11,FALSE,FALSE,NA,NA
"Un día como hoy, en 1893, se fundó la @afa.  

¡Felicidades a la familia del fútbol argentino por su 128° aniversar… https://t.co/sdBHXfqpoL",FALSE,167,NA,2021-02-21 15:58:02,TRUE,NA,"1363518353055309825",NA,"<a href=""https://mobile.twitter.com"" rel=""nofollow"">Twitter Web App</a>","TuFPF",15,FALSE,FALSE,NA,NA
"La @TuFPF lamenta el sensible fallecimiento de Ítalo Villarreal, presidente del Círculo de Periodistas Deportivos d… https://t.co/nac10kdw5N",FALSE,312,NA,2021-02-17 01:04:58,TRUE,NA,"1361844052501680129",NA,"<a href=""https://mobile.twitter.com"" rel=""nofollow"">Twitter Web App</a>","TuFPF",43,FALSE,FALSE,NA,NA
"La @TuFPF lamenta el sensible fallecimiento de Rafael Risco, quien formó parte de la clasificación de nuestra… https://t.co/3bmS4eWZUN",FALSE,315,NA,2021-02-15 17:50:56,TRUE,NA,"1361372435057168386",NA,"<a href=""http://twitter.com/download/iphone"" rel=""nofollow"">Twitter for iPhone</a>","TuFPF",38,FALSE,FALSE,NA,NA
"Un día como hoy, en 2011, se fundó @clubllacuabamba.

¡Muchas felicidades y los mejores deseos! <U+0001F389> https://t.co/are3EeuvAc",FALSE,103,NA,2021-02-15 14:46:03,FALSE,NA,"1361325907726774272",NA,"<a href=""https://mobile.twitter.com"" rel=""nofollow"">Twitter Web App</a>","TuFPF",4,FALSE,FALSE,NA,NA
"La @TuFPF extiende sus saludos a @ClubALoficial por sus 120 años de vida institucional. 

¡Muchas felicidades y los… https://t.co/ZweNUlzlT9",FALSE,1003,NA,2021-02-15 13:30:56,TRUE,NA,"1361307004736790528",NA,"<a href=""http://twitter.com/download/android"" rel=""nofollow"">Twitter for Android</a>","TuFPF",84,FALSE,FALSE,NA,NA
"Un día como hoy, en 1984, se fundó @SportChavelines. 

¡Muchas felicidades y los mejores deseos! <U+0001F389> https://t.co/SDlu5hPcnC",FALSE,102,NA,2021-02-13 14:47:02,FALSE,NA,"1360601380600352768",NA,"<a href=""http://twitter.com/download/android"" rel=""nofollow"">Twitter for Android</a>","TuFPF",6,FALSE,FALSE,NA,NA
"Conoce los detalles de la reunión aquí <U+25B6><U+FE0F> https://t.co/0rCeJjpDxs https://t.co/faV0kwPYAB",FALSE,49,"TuFPF",2021-02-12 23:49:23,FALSE,"1360375474275385349","1360375478809489409","319735479","<a href=""https://mobile.twitter.com"" rel=""nofollow"">Twitter Web App</a>","TuFPF",5,FALSE,FALSE,NA,NA
"Como consecuencia de esta reunión, el Ministro de @MineduPeru Ricardo Cuenca, anunció que el Gobierno autoriza los… https://t.co/CMQfKwRkDj",FALSE,77,"TuFPF",2021-02-12 23:49:22,TRUE,"1360375430948208641","1360375474275385349","319735479","<a href=""https://mobile.twitter.com"" rel=""nofollow"">Twitter Web App</a>","TuFPF",16,FALSE,FALSE,NA,NA
"Importante reunión con Premier Violeta Bermúdez, Ministro de @MineduPeru Ricardo Cuenca, presidente @TuFPF Agustín… https://t.co/aWIrJF77D3",FALSE,205,NA,2021-02-12 23:49:11,TRUE,NA,"1360375430948208641",NA,"<a href=""https://mobile.twitter.com"" rel=""nofollow"">Twitter Web App</a>","TuFPF",32,FALSE,FALSE,NA,NA
"¡Seamos responsables! <U+0001F4AA>

Sigamos respetando las normas y disposiciones del gobierno para alcanzar el máximo cuidado… https://t.co/DxBaje96n3",FALSE,33,NA,2021-02-10 17:46:02,TRUE,NA,"1359559265615294464",NA,"<a href=""http://twitter.com/download/android"" rel=""nofollow"">Twitter for Android</a>","TuFPF",0,FALSE,FALSE,NA,NA
"¡Vivamos la pasión del fútbol femenino! <U+0001F64B><U+200D><U+2640><U+FE0F><U+26BD>

Desde el próximo 17 de diciembre, participa del Congreso de Fútbol F… https://t.co/1zPDdyBMKP",FALSE,77,NA,2020-11-27 18:07:19,TRUE,NA,"1332385528919052288",NA,"<a href=""https://mobile.twitter.com"" rel=""nofollow"">Twitter Web App</a>","TuFPF",5,FALSE,FALSE,NA,NA
"¡Comprometidas! <U+0001F64C>

En el marco del Día Internacional de la Eliminación de la Violencia contra la Mujer, las futboli… https://t.co/ApYXE67Qx9",FALSE,259,NA,2020-11-25 21:34:40,TRUE,NA,"1331712936621043725",NA,"<a href=""https://mobile.twitter.com"" rel=""nofollow"">Twitter Web App</a>","TuFPF",15,FALSE,FALSE,NA,NA
"La @TuFPF lamenta la pérdida irreparable del astro del fútbol mundial Diego Armando Maradona. Inolvidables partidos… https://t.co/Zejwll8kjf",FALSE,3930,NA,2020-11-25 18:20:23,TRUE,NA,"1331664040746246144",NA,"<a href=""https://mobile.twitter.com"" rel=""nofollow"">Twitter Web App</a>","TuFPF",331,FALSE,FALSE,NA,NA
"Saludamos afectuosamente a Roberto Chale, mundialista en México 1970 y ex director técnico de nuestra… https://t.co/4MtgpHMdbM",FALSE,452,NA,2020-11-24 17:42:36,TRUE,NA,"1331292145353945088",NA,"<a href=""http://twitter.com/download/iphone"" rel=""nofollow"">Twitter for iPhone</a>","TuFPF",22,FALSE,FALSE,NA,NA
"Saludamos afectuosamente a Franco Navarro Monteiro, mundialista en España 1982 y ex director técnico de nuestra… https://t.co/BRrkgDAUop",FALSE,741,NA,2020-11-10 17:37:28,TRUE,NA,"1326217424644018176",NA,"<a href=""https://mobile.twitter.com"" rel=""nofollow"">Twitter Web App</a>","TuFPF",26,FALSE,FALSE,NA,NA
"Continúan las sesiones de capacitación a formadores de Futsal a cargo de la Dirección de Desarrollo de la @TuFPF y… https://t.co/qZc7VDdyYn",FALSE,123,NA,2020-11-05 22:22:39,TRUE,NA,"1324477254311780355",NA,"<a href=""https://mobile.twitter.com"" rel=""nofollow"">Twitter Web App</a>","TuFPF",5,FALSE,FALSE,NA,NA
"Conoce la historia de María Angélica Ramos quien a sus 95 años sueña con seguir vigente como entrenadora de fútbol.… https://t.co/xAZpk8xBYV",FALSE,226,NA,2020-11-05 19:25:26,TRUE,NA,"1324432655446925312",NA,"<a href=""http://twitter.com/download/android"" rel=""nofollow"">Twitter for Android</a>","TuFPF",22,FALSE,FALSE,NA,NA
"#ComunicadoFPF <U+0001F1F5><U+0001F1EA> https://t.co/xTh5dyXjXN",FALSE,577,NA,2020-11-05 00:00:19,FALSE,NA,"1324139445424107521",NA,"<a href=""http://twitter.com/download/iphone"" rel=""nofollow"">Twitter for iPhone</a>","TuFPF",80,FALSE,FALSE,NA,NA
"¡Bastión blanquirrojo! <U+0001F3DF> <U+0001F44A>

La @TuFPF celebra el 68 aniversario del Estadio Nacional, recinto de las más grandes ha… https://t.co/njbj2BEq5z",FALSE,802,NA,2020-10-28 00:49:29,TRUE,NA,"1321252713724825601",NA,"<a href=""http://twitter.com/download/android"" rel=""nofollow"">Twitter for Android</a>","TuFPF",66,FALSE,FALSE,NA,NA
"#ComunicadoFPF <U+0001F1F5><U+0001F1EA> https://t.co/oQQZJGU8tI",FALSE,3176,NA,2020-10-26 17:04:14,FALSE,NA,"1320773241804304385",NA,"<a href=""https://mobile.twitter.com"" rel=""nofollow"">Twitter Web App</a>","TuFPF",481,FALSE,FALSE,NA,NA
"Anunciamos la convocatoria para el Proceso de Regularización de Licencias de Preparador físico, Entrenador de arque… https://t.co/r00QpV7X4H",FALSE,107,NA,2020-10-25 16:15:12,TRUE,NA,"1320398515567284228",NA,"<a href=""https://mobile.twitter.com"" rel=""nofollow"">Twitter Web App</a>","TuFPF",8,FALSE,FALSE,NA,NA
"Participa de nuestros últimos programas y cursos especializados del año a través de @futecfpf <U+0001F468><U+200D><U+0001F3EB><U+26BD> https://t.co/RT5m40UEAI",FALSE,55,NA,2020-10-23 17:32:36,FALSE,NA,"1319693217416335360",NA,"<a href=""https://mobile.twitter.com"" rel=""nofollow"">Twitter Web App</a>","TuFPF",3,FALSE,FALSE,NA,NA
"¡Alistando el regreso! <U+0001F64C>

Los futbolistas de nuestra @SeleccionPeru Sub 17 <U+0001F1F5><U+0001F1EA>, en compañía de sus familiares, pasar… https://t.co/xHzb7YLbpe",FALSE,127,NA,2020-10-22 22:53:17,TRUE,NA,"1319411532825088001",NA,"<a href=""http://twitter.com/download/iphone"" rel=""nofollow"">Twitter for iPhone</a>","TuFPF",6,FALSE,FALSE,NA,NA
"La @TuFPF agradece el gran apoyo de @UEFA a través de @CONMEBOL con unidad móvil para uso protocolar. 

Más informa… https://t.co/ca4pRcf2lO",FALSE,125,NA,2020-10-22 19:03:42,TRUE,NA,"1319353754764836864",NA,"<a href=""https://mobile.twitter.com"" rel=""nofollow"">Twitter Web App</a>","TuFPF",11,FALSE,FALSE,NA,NA
"La @TuFPF saluda afectuosamente a todos los periodistas deportivos de nuestro país. 

¡Muchas felicidades! <U+0001F44F> https://t.co/pSV4HUt2Z7",FALSE,454,NA,2020-10-20 15:20:36,FALSE,NA,"1318572836219400196",NA,"<a href=""https://mobile.twitter.com"" rel=""nofollow"">Twitter Web App</a>","TuFPF",62,FALSE,FALSE,NA,NA
"¡Histórico! <U+0001F481><U+200D><U+2640><U+FE0F><U+26BD><U+FE0F>

Por primera vez en nuestro fútbol profesional, se realizó un partido de la #Liga1Movistar con l… https://t.co/Rm5RjraUV1",FALSE,1039,NA,2020-10-18 17:50:18,TRUE,NA,"1317885733441515520",NA,"<a href=""https://mobile.twitter.com"" rel=""nofollow"">Twitter Web App</a>","TuFPF",137,FALSE,FALSE,NA,NA
"¡Felices por volver! <U+26BD>

Las futbolistas de nuestra @SeleccionPeru Femenina <U+0001F1F5><U+0001F1EA> y sus familiares pasaron pruebas mole… https://t.co/2qBIMwKGhZ",FALSE,250,NA,2020-10-16 18:49:59,TRUE,NA,"1317175977710129155",NA,"<a href=""https://mobile.twitter.com"" rel=""nofollow"">Twitter Web App</a>","TuFPF",29,FALSE,FALSE,NA,NA
"Detalles de la reunión de análisis técnico y arbitral del Perú <U+0001F1F5><U+0001F1EA> vs. Brasil <U+0001F1E7><U+0001F1F7> entre autoridades de la @TuFPF, com… https://t.co/KCrTZIIw0o",FALSE,700,NA,2020-10-15 20:07:31,TRUE,NA,"1316833101620928523",NA,"<a href=""https://mobile.twitter.com"" rel=""nofollow"">Twitter Web App</a>","TuFPF",116,FALSE,FALSE,NA,NA
"#DesarrolloFPF

¡Preparando nuestro regreso! <U+0001F44A>

La @SeleccionPeru <U+0001F1F5><U+0001F1EA> Femenina Absoluta cumplió los protocolos estab… https://t.co/BBzlVljQa2",FALSE,326,NA,2020-10-15 02:09:27,TRUE,NA,"1316561796405301251",NA,"<a href=""https://mobile.twitter.com"" rel=""nofollow"">Twitter Web App</a>","TuFPF",27,FALSE,FALSE,NA,NA
"Un día como hoy, en 1924, se fundó la @FCF_Oficial. 

¡Muchas felicidades y los mejores deseos! <U+0001F389> https://t.co/1lsY8QAu3O",FALSE,802,NA,2020-10-12 15:04:45,FALSE,NA,"1315669745174278146",NA,"<a href=""https://mobile.twitter.com"" rel=""nofollow"">Twitter Web App</a>","TuFPF",44,FALSE,FALSE,NA,NA
"Desde la @TuFPF saludamos a todas nuestras niñas en el marco del #DíaInternacionalDeLaNiña y nos unimos en la lucha… https://t.co/pA6IbwqDxg",FALSE,412,NA,2020-10-11 20:51:12,TRUE,NA,"1315394544540811264",NA,"<a href=""https://mobile.twitter.com"" rel=""nofollow"">Twitter Web App</a>","TuFPF",28,FALSE,FALSE,NA,NA
"La @TuFPF saluda afectuosamente al @COP_Peru que cumple 96 años de vida institucional, trabajando en favor del depo… https://t.co/21ezLzWrOE",FALSE,167,NA,2020-10-09 17:46:32,TRUE,NA,"1314623293647921152",NA,"<a href=""https://mobile.twitter.com"" rel=""nofollow"">Twitter Web App</a>","TuFPF",12,FALSE,FALSE,NA,NA
"Saludamos afectuosamente a Claudio Pizarro, quien fuera capitán de nuestra @SeleccionPeru <U+0001F1F5><U+0001F1EA> y actual embajador del… https://t.co/nUdCAgLgo2",FALSE,888,NA,2020-10-03 17:58:29,TRUE,NA,"1312451972725796864",NA,"<a href=""https://mobile.twitter.com"" rel=""nofollow"">Twitter Web App</a>","TuFPF",77,FALSE,FALSE,NA,NA
"La @TuFPF y autoridades de la @PoliciaPeru se reunieron para afinar los detalles de seguridad que se aplicarán en e… https://t.co/SIE84ZrTkx",FALSE,131,NA,2020-10-03 01:01:27,TRUE,NA,"1312196027827380225",NA,"<a href=""http://twitter.com/download/android"" rel=""nofollow"">Twitter for Android</a>","TuFPF",30,FALSE,FALSE,NA,NA
"Culminó de forma exitosa el ciclo de capacitaciones para clubes profesionales e instituciones de fútbol en Licencia… https://t.co/e9bXrSyPkh",FALSE,116,NA,2020-10-03 00:01:08,TRUE,NA,"1312180851996717056",NA,"<a href=""https://mobile.twitter.com"" rel=""nofollow"">Twitter Web App</a>","TuFPF",29,FALSE,FALSE,NA,NA
"La @TuFPF saluda a todos los profesionales que practican el periodismo con esfuerzo, dedicación y pasión. 

¡Felici… https://t.co/x4Lh3OFffi",FALSE,290,NA,2020-10-01 20:18:47,TRUE,NA,"1311762506000539648",NA,"<a href=""https://mobile.twitter.com"" rel=""nofollow"">Twitter Web App</a>","TuFPF",39,FALSE,FALSE,NA,NA
"#DesarrolloFPF 

¡Retornan a sus actividades futbolísticas! <U+0001F64B><U+0001F3FB><U+200D><U+2640><U+FE0F> <U+26BD>

Las deportistas de la @SeleccionPeru <U+0001F1F5><U+0001F1EA> Sub 17… https://t.co/umvYh3nJDu",FALSE,102,NA,2020-10-01 01:15:09,TRUE,NA,"1311474700405690370",NA,"<a href=""https://mobile.twitter.com"" rel=""nofollow"">Twitter Web App</a>","TuFPF",14,FALSE,FALSE,NA,NA
"¡Todos los cuidados! <U+270B>

Las futbolistas de nuestra @SeleccionPeru Femenina Sub 17 <U+0001F1F5><U+0001F1EA> se encuentran pasando pruebas… https://t.co/V3KDscr3wo",FALSE,175,NA,2020-09-30 18:40:26,TRUE,NA,"1311375367379316746",NA,"<a href=""http://twitter.com/download/iphone"" rel=""nofollow"">Twitter for iPhone</a>","TuFPF",24,FALSE,FALSE,NA,NA
"A través de esta carta, @CONMEBOL hizo oficial el cambio de horario para el partido entre nuestra @SeleccionPeru <U+0001F1F5><U+0001F1EA>… https://t.co/ErE7SPc4CD",FALSE,301,NA,2020-09-23 19:09:35,TRUE,NA,"1308845988480720898",NA,"<a href=""https://mobile.twitter.com"" rel=""nofollow"">Twitter Web App</a>","TuFPF",107,FALSE,FALSE,NA,NA
"Siguiendo con la reactivación de las actividades futbolísticas, la @TuFPF y @LegadoOficialPE firmaron un convenio p… https://t.co/6ZT3cWjzrK",FALSE,41,NA,2020-09-21 20:46:53,TRUE,NA,"1308145699104661504",NA,"<a href=""https://mobile.twitter.com"" rel=""nofollow"">Twitter Web App</a>","TuFPF",4,FALSE,FALSE,NA,NA
"Un día como hoy, en 1947, se fundó el Club Sport Unión Huaral. 

¡Felicidades a todos sus hinchas! <U+0001F389> https://t.co/OC6TTtKxe9",FALSE,204,NA,2020-09-20 13:39:10,FALSE,NA,"1307675674375790592",NA,"<a href=""https://mobile.twitter.com"" rel=""nofollow"">Twitter Web App</a>","TuFPF",17,FALSE,FALSE,NA,NA
"Un día como hoy, en 2002, se fundó el Club Deportivo Comerciantes Unidos. 

¡Felicidades a todos sus hinchas! <U+0001F389> https://t.co/MQDuxddrDk",FALSE,50,NA,2020-09-19 14:26:46,FALSE,NA,"1307325265438216203",NA,"<a href=""https://mobile.twitter.com"" rel=""nofollow"">Twitter Web App</a>","TuFPF",4,FALSE,FALSE,NA,NA
"Tras una reunión entre la @FIFAcom y las Asociaciones Miembro de @CONMEBOL, se afinaron los últimos detalles de las… https://t.co/8mkk2aX7e2",FALSE,135,NA,2020-09-17 21:24:35,TRUE,NA,"1306705633216004098",NA,"<a href=""https://mobile.twitter.com"" rel=""nofollow"">Twitter Web App</a>","TuFPF",27,FALSE,FALSE,NA,NA
"Saludamos afectuosamente a Percy Rojas, campeón de la Copa América 1975 y mundialista con @SeleccionPeru <U+0001F1F5><U+0001F1EA> en Arge… https://t.co/Q6ioOYT7yE",FALSE,243,NA,2020-09-16 16:15:32,TRUE,NA,"1306265473647104000",NA,"<a href=""http://twitter.com/download/iphone"" rel=""nofollow"">Twitter for iPhone</a>","TuFPF",19,FALSE,FALSE,NA,NA
"Asociaciones Miembro de @CONMEBOL se reunieron con @FIFAcom para preparar el inicio de Clasificatorias a Qatar 2022… https://t.co/7HRVihQey8",FALSE,111,NA,2020-09-15 17:46:36,TRUE,NA,"1305926001722044416",NA,"<a href=""https://mobile.twitter.com"" rel=""nofollow"">Twitter Web App</a>","TuFPF",21,FALSE,FALSE,NA,NA
"¡Orgullo peruano! <U+0001F1F5><U+0001F1EA> 

Claudio Pizarro, ex capitán de nuestra @SeleccionPeru <U+0001F1F5><U+0001F1EA>, empieza una nueva etapa en el fútb… https://t.co/BkSc24U8rS",FALSE,1274,NA,2020-09-15 15:32:46,TRUE,NA,"1305892320441700352",NA,"<a href=""https://mobile.twitter.com"" rel=""nofollow"">Twitter Web App</a>","TuFPF",111,FALSE,FALSE,NA,NA
"Un día como hoy, en 1925, se fundó la @FBF_BO. ¡Felicidades a la familia del fútbol boliviano por sus 95° aniversar… https://t.co/40aJGjEr1L",FALSE,101,NA,2020-09-12 21:12:30,TRUE,NA,"1304890654208790529",NA,"<a href=""https://mobile.twitter.com"" rel=""nofollow"">Twitter Web App</a>","TuFPF",3,FALSE,FALSE,NA,NA
"¡Los más destacados! <U+0001F44F>

Los primeros lugares de la eCOPA FPF, organizada por la @TuFPF, fueron premiados en las ins… https://t.co/Svi1cJYAeu",FALSE,38,NA,2020-09-11 23:14:18,TRUE,NA,"1304558917725417477",NA,"<a href=""https://mobile.twitter.com"" rel=""nofollow"">Twitter Web App</a>","TuFPF",7,FALSE,FALSE,NA,NA
"Un día como hoy, hace 16 años, el @Club_Cienciano le dio una nueva alegría al fútbol peruano y se proclamó campeón… https://t.co/f35RG9Jylq",FALSE,216,NA,2020-09-07 19:21:33,TRUE,NA,"1303050793780682753",NA,"<a href=""https://mobile.twitter.com"" rel=""nofollow"">Twitter Web App</a>","TuFPF",33,FALSE,FALSE,NA,NA
"La @TuFPF lamenta el sensible fallecimiento del Sr. Clodoaldo Iñigo, Presidente del Club Cultural Santa Rosa.

Expr… https://t.co/enms2sI4sf",FALSE,67,NA,2020-09-06 17:38:17,TRUE,NA,"1302662416346611712",NA,"<a href=""https://mobile.twitter.com"" rel=""nofollow"">Twitter Web App</a>","TuFPF",9,FALSE,FALSE,NA,NA
"Un día como hoy, en 1922, se fundó el @Club_JuanAurich.

¡Felicidades a todos sus hinchas! <U+0001F389> https://t.co/24ioL0nebg",FALSE,169,NA,2020-09-03 15:34:41,FALSE,NA,"1301544151226486785",NA,"<a href=""https://mobile.twitter.com"" rel=""nofollow"">Twitter Web App</a>","TuFPF",17,FALSE,FALSE,NA,NA
"Un día como hoy, en 1989, se fundó el Club Deportivo Cultural Santa Rosa.  

¡Felicidades a todos sus hinchas! <U+0001F389> https://t.co/N7GWuHS95j",FALSE,101,NA,2020-08-30 14:57:43,FALSE,NA,"1300085294260203521",NA,"<a href=""https://mobile.twitter.com"" rel=""nofollow"">Twitter Web App</a>","TuFPF",6,FALSE,FALSE,NA,NA
"#ComunicadoFPF <U+0001F1F5><U+0001F1EA> <U+25B6><U+FE0F> https://t.co/ott1eREXFM https://t.co/1xE8fO6oAb",FALSE,74,NA,2020-08-29 14:21:14,FALSE,NA,"1299713726061445120",NA,"<a href=""https://mobile.twitter.com"" rel=""nofollow"">Twitter Web App</a>","TuFPF",7,FALSE,FALSE,NA,NA
"¡Bien representados! <U+0001F4AA>

Estos son los resultados de los encuentros en el Lima Games Week donde participó nuestra… https://t.co/BHsAkbnml1",FALSE,29,NA,2020-08-29 01:08:47,TRUE,NA,"1299514300940382208",NA,"<a href=""https://mobile.twitter.com"" rel=""nofollow"">Twitter Web App</a>","TuFPF",6,FALSE,FALSE,NA,NA
"¡Hora de jugar! <U+26BD><U+0001F525>

Hoy nuestra #eSelección <U+0001F1F5><U+0001F1EA> junto a los finalistas del Torneo FPF representarán a la @TuFPF en u… https://t.co/s3JpCoH3O7",FALSE,31,NA,2020-08-28 15:55:12,TRUE,NA,"1299374986214346753",NA,"<a href=""https://mobile.twitter.com"" rel=""nofollow"">Twitter Web App</a>","TuFPF",2,FALSE,FALSE,NA,NA
"¡Alentemos a nuestro equipo! <U+0001F4AA>

Los finalistas del Torneo FPF se unirán a la #eSelección <U+0001F1F5><U+0001F1EA> para participar en un p… https://t.co/x6KgtZc9wu",FALSE,46,NA,2020-08-28 02:52:58,TRUE,NA,"1299178129316032513",NA,"<a href=""https://mobile.twitter.com"" rel=""nofollow"">Twitter Web App</a>","TuFPF",7,FALSE,FALSE,NA,NA
"¡Comprometidos con el desarrollo! <U+0001F4AA>

Desde su fundación, el trabajo de la @TuFPF ha sido pieza fundamental en los l… https://t.co/Ua5lPzcosw",FALSE,101,NA,2020-08-24 00:36:10,TRUE,NA,"1297694152679993344",NA,"<a href=""https://mobile.twitter.com"" rel=""nofollow"">Twitter Web App</a>","TuFPF",19,FALSE,FALSE,NA,NA
"Un día como hoy, en 1927, se fundó la @FMF. ¡Muchas felicidades y los mejores deseos en su 93° aniversario! <U+0001F389> https://t.co/kaC0pgPTGT",FALSE,203,NA,2020-08-23 22:58:20,FALSE,NA,"1297669529728888832",NA,"<a href=""https://mobile.twitter.com"" rel=""nofollow"">Twitter Web App</a>","TuFPF",10,FALSE,FALSE,NA,NA
"¡Muchas gracias @camannucci! <U+0001F4AA> https://t.co/qp0OWofwgT",FALSE,69,NA,2020-08-23 21:47:20,FALSE,NA,"1297651665835892736",NA,"<a href=""http://twitter.com/download/iphone"" rel=""nofollow"">Twitter for iPhone</a>","TuFPF",2,FALSE,FALSE,NA,NA
"¡Muchas gracias @sportboys! <U+0001F4AA> https://t.co/iZvj1yoU5q",FALSE,32,NA,2020-08-23 18:45:37,FALSE,NA,"1297605933800083463",NA,"<a href=""https://mobile.twitter.com"" rel=""nofollow"">Twitter Web App</a>","TuFPF",4,FALSE,FALSE,NA,NA
"¡Muchas gracias @clubucv! <U+0001F64C><U+26BD><U+FE0F> https://t.co/TeGe2WTz9a",FALSE,28,NA,2020-08-23 17:45:49,FALSE,NA,"1297590882498224130",NA,"<a href=""https://mobile.twitter.com"" rel=""nofollow"">Twitter Web App</a>","TuFPF",1,FALSE,FALSE,NA,NA
"¡Muchas gracias @Club_Cienciano! <U+0001F4AA> https://t.co/O1IfoDBDOI",FALSE,53,NA,2020-08-23 17:38:46,FALSE,NA,"1297589111298101248",NA,"<a href=""https://mobile.twitter.com"" rel=""nofollow"">Twitter Web App</a>","TuFPF",5,FALSE,FALSE,NA,NA
"¡Muchas gracias @Club_UTC! <U+0001F64C><U+26BD><U+FE0F> https://t.co/2oMuWfKExt",FALSE,20,NA,2020-08-23 17:35:17,FALSE,NA,"1297588232742412288",NA,"<a href=""https://mobile.twitter.com"" rel=""nofollow"">Twitter Web App</a>","TuFPF",3,FALSE,FALSE,NA,NA
"¡Muchas gracias @Club_USMP! <U+0001F4AA> https://t.co/a9M1iUNTCJ",FALSE,41,NA,2020-08-23 17:23:49,FALSE,NA,"1297585347379908614",NA,"<a href=""http://twitter.com/download/iphone"" rel=""nofollow"">Twitter for iPhone</a>","TuFPF",3,FALSE,FALSE,NA,NA
"¡Muchas gracias @ACantolao! <U+0001F4AA> https://t.co/fZt9ez3Jsm",FALSE,32,NA,2020-08-23 17:23:04,FALSE,NA,"1297585157461938176",NA,"<a href=""http://twitter.com/download/iphone"" rel=""nofollow"">Twitter for iPhone</a>","TuFPF",0,FALSE,FALSE,NA,NA
"¡Muchas gracias @Universitario! <U+0001F4AA> https://t.co/bDo7IHatHp",FALSE,382,NA,2020-08-23 17:22:22,FALSE,NA,"1297584983872360448",NA,"<a href=""http://twitter.com/download/iphone"" rel=""nofollow"">Twitter for iPhone</a>","TuFPF",16,FALSE,FALSE,NA,NA
"¡Muchas gracias @ClubSCristal! <U+0001F4AA> https://t.co/bEyaeVSlfR",FALSE,24,NA,2020-08-23 17:19:11,FALSE,NA,"1297584182454099970",NA,"<a href=""https://mobile.twitter.com"" rel=""nofollow"">Twitter Web App</a>","TuFPF",0,FALSE,FALSE,NA,NA
"¡Muchas gracias @MelgarOficial! <U+0001F64C><U+26BD><U+FE0F> https://t.co/8goFOXefzi",FALSE,31,NA,2020-08-23 17:16:04,FALSE,NA,"1297583397146112005",NA,"<a href=""https://mobile.twitter.com"" rel=""nofollow"">Twitter Web App</a>","TuFPF",0,FALSE,FALSE,NA,NA
"¡Muchas gracias, @ADFP_Peru! <U+26BD><U+FE0F> https://t.co/5Y5JVmHue6",FALSE,36,NA,2020-08-23 17:06:08,FALSE,NA,"1297580899551326209",NA,"<a href=""https://mobile.twitter.com"" rel=""nofollow"">Twitter Web App</a>","TuFPF",0,FALSE,FALSE,NA,NA
"¡Muchas gracias @FBF_BO! <U+0001F44F>

Sigamos estrechando lazos por el bien del fútbol sudamericano. 

#ArribaPerú <U+0001F4AA> https://t.co/MxHJONXyY6",FALSE,33,NA,2020-08-23 16:53:59,FALSE,NA,"1297577837956935686",NA,"<a href=""http://twitter.com/download/iphone"" rel=""nofollow"">Twitter for iPhone</a>","TuFPF",1,FALSE,FALSE,NA,NA
"¡Muchas gracias @APFOficial! <U+0001F44F>

Continuemos trabajando arduamente por el fútbol sudamericano. <U+0001F64C>

#ArribaPerú <U+0001F4AA> https://t.co/BwXthQMkqW",FALSE,52,NA,2020-08-23 16:39:08,FALSE,NA,"1297574102803402754",NA,"<a href=""http://twitter.com/download/iphone"" rel=""nofollow"">Twitter for iPhone</a>","TuFPF",0,FALSE,FALSE,NA,NA
"¡Muchas gracias @afa! <U+0001F44F>

Pronto nos volveremos a encontrar en las canchas de fútbol.

#ArribaPerú <U+0001F4AA> https://t.co/sFW2swFsJ5",FALSE,89,NA,2020-08-23 16:25:34,FALSE,NA,"1297570687876571138",NA,"<a href=""http://twitter.com/download/iphone"" rel=""nofollow"">Twitter for iPhone</a>","TuFPF",0,FALSE,FALSE,NA,NA
"¡Muchas gracias @CONMEBOL! <U+0001F44F>

Sigamos trabajando por el crecimiento del fútbol sudamericano. <U+0001F91C><U+0001F91B>

#ArribaPerú <U+0001F4AA> https://t.co/ScmxvqhvbR",FALSE,151,NA,2020-08-23 15:13:51,FALSE,NA,"1297552639970992128",NA,"<a href=""http://twitter.com/download/iphone"" rel=""nofollow"">Twitter for iPhone</a>","TuFPF",6,FALSE,FALSE,NA,NA
"#DesarrolloFPF I  ¡Aprendiendo sobre fútbol playa! <U+26BD><U+0001F3D6><U+FE0F>

Este miércoles, desde las 17:00 horas, no te pierdas el con… https://t.co/5Xm1yoU9Ve",FALSE,17,NA,2020-07-28 20:49:53,TRUE,NA,"1288215120515080193",NA,"<a href=""https://mobile.twitter.com"" rel=""nofollow"">Twitter Web App</a>","TuFPF",1,FALSE,FALSE,NA,NA
"¡Gracias por el saludo, @Spurs_ES! <U+0001F44F>

Que el amor por el Perú se sienta en todo Londres. Y ya saben se dice ""chalac… https://t.co/wJHKQmB5ve",FALSE,231,NA,2020-07-28 20:42:42,TRUE,NA,"1288213313080483847",NA,"<a href=""https://mobile.twitter.com"" rel=""nofollow"">Twitter Web App</a>","TuFPF",12,FALSE,FALSE,NA,NA
"Muchas gracias @AS_Monaco_ES <U+0001F60D>

Orgullosos de llevar estos colores y compartir la misma pasión por el fútbol.… https://t.co/SYZfrUz4Ap",FALSE,148,NA,2020-07-28 20:05:28,TRUE,NA,"1288203942485200896",NA,"<a href=""https://mobile.twitter.com"" rel=""nofollow"">Twitter Web App</a>","TuFPF",8,FALSE,FALSE,NA,NA
"¡Gracias por el saludo @PSG_espanol! <U+26BD><U+FE0F>

Que el fútbol nos siga uniendo en estas fechas especiales.

#ArribaPerú <U+0001F4AA> https://t.co/l2ls8I5Abj",FALSE,487,NA,2020-07-28 19:43:15,FALSE,NA,"1288198353453559808",NA,"<a href=""https://mobile.twitter.com"" rel=""nofollow"">Twitter Web App</a>","TuFPF",18,FALSE,FALSE,NA,NA
"¡Gracias @sscnapoliES! <U+0001F44F><U+26BD><U+FE0F>

Vestir la franja es una gran responsabilidad. Sigamos llevándola con orgullo.… https://t.co/rq38yP8XRP",FALSE,153,NA,2020-07-28 19:26:47,TRUE,NA,"1288194210642919424",NA,"<a href=""https://mobile.twitter.com"" rel=""nofollow"">Twitter Web App</a>","TuFPF",3,FALSE,FALSE,NA,NA
"¡Muchas gracias @LOSC_ES! <U+0001F44F>

Lindos colores los que iluminan su casa en esta fecha tan especial.

#ArribaPerú <U+0001F4AA> https://t.co/WyyfJvwGWh",FALSE,402,NA,2020-07-28 19:11:34,FALSE,NA,"1288190381109149697",NA,"<a href=""https://mobile.twitter.com"" rel=""nofollow"">Twitter Web App</a>","TuFPF",20,FALSE,FALSE,NA,NA
"La @TuFPF saluda afectuosamente a @sportboys en su 93 aniversario. 

¡Felicitaciones a todos sus hinchas! <U+0001F389> https://t.co/AkmRAQD2UB",FALSE,279,NA,2020-07-28 15:17:34,FALSE,NA,"1288131491722080256",NA,"<a href=""https://mobile.twitter.com"" rel=""nofollow"">Twitter Web App</a>","TuFPF",39,FALSE,FALSE,NA,NA
"¡Orgullosos de ser peruanos!  <U+0001F1F5><U+0001F1EA>

Desde la @TuFPF te deseamos felices Fiestas Patrias y confiamos que el país super… https://t.co/zvp80B0Jk9",FALSE,303,NA,2020-07-28 14:32:32,TRUE,NA,"1288120160100835328",NA,"<a href=""https://mobile.twitter.com"" rel=""nofollow"">Twitter Web App</a>","TuFPF",55,FALSE,FALSE,NA,NA
"#eSportsFPF I ¡Hora de jugar! <U+0001F3AE> <U+26BD>

Inicia la #eCopaFPF de @EASPORTSFutbol con más de 700 participantes que buscarán… https://t.co/mPOY4ElXfJ",FALSE,30,NA,2020-07-27 19:03:23,TRUE,NA,"1287825930510045185",NA,"<a href=""https://mobile.twitter.com"" rel=""nofollow"">Twitter Web App</a>","TuFPF",3,FALSE,FALSE,NA,NA
"¡Despeja tus dudas sobre la reanudación de la #Liga1Movistar! <U+26BD>

Sigue la conferencia de prensa de Víctor Villavice… https://t.co/SMS2uwmRbj",FALSE,22,NA,2020-07-27 16:16:26,TRUE,NA,"1287783919316873216",NA,"<a href=""https://mobile.twitter.com"" rel=""nofollow"">Twitter Web App</a>","TuFPF",5,FALSE,FALSE,NA,NA
"La @TuFPF saluda afectuosamente a @CCDMunicipal en su 85 aniversario. 

¡Felicitaciones a todos sus hinchas! <U+0001F389> https://t.co/YLOg18K1rK",FALSE,149,NA,2020-07-27 15:41:12,FALSE,NA,"1287775049739653120",NA,"<a href=""https://mobile.twitter.com"" rel=""nofollow"">Twitter Web App</a>","TuFPF",19,FALSE,FALSE,NA,NA
"#PonteLaBlanquirroja <U+0001F1F5><U+0001F1EA>

Encuentra la mascarilla oficial de la @SeleccionPeru para niños y adultos en los puntos de… https://t.co/MKHx0Zhmn2",FALSE,158,NA,2020-07-26 20:25:06,TRUE,NA,"1287484106943737856",NA,"<a href=""https://mobile.twitter.com"" rel=""nofollow"">Twitter Web App</a>","TuFPF",59,FALSE,FALSE,NA,NA
"Saludamos afectuosamente a Paul Cominges, ex atacante de nuestra @SeleccionPeru <U+0001F1F5><U+0001F1EA>. 

¡Muchas felicidades y los mej… https://t.co/F1mzuOMcn0",FALSE,173,NA,2020-07-24 23:46:15,TRUE,NA,"1286809954545000448",NA,"<a href=""https://mobile.twitter.com"" rel=""nofollow"">Twitter Web App</a>","TuFPF",7,FALSE,FALSE,NA,NA
"¡Seguimos con las capacitaciones! <U+0001F4AA>

Únete a la #CAPACITACIÓNONLINEFPF y aumenta tus conocimientos sobre el fútbol… https://t.co/66CRHPqn4T",FALSE,25,NA,2020-07-24 21:01:21,TRUE,NA,"1286768454150823936",NA,"<a href=""https://mobile.twitter.com"" rel=""nofollow"">Twitter Web App</a>","TuFPF",8,FALSE,FALSE,NA,NA
"¡Salimos a la cancha! <U+0001F4AA>

Después de mucho estamos listos para volver, pero para ganar este partido once no serán su… https://t.co/vyodBIFCNB",FALSE,145,NA,2020-07-24 16:06:11,TRUE,NA,"1286694174184681472",NA,"<a href=""https://mobile.twitter.com"" rel=""nofollow"">Twitter Web App</a>","TuFPF",37,FALSE,FALSE,NA,NA
"¡Imperdible! <U+0001F525> <U+26BD>

Este viernes, desde las 19:00 horas, conéctate al conversatorio sobre 'La actualidad del futsal e… https://t.co/taEokPhFwY",FALSE,36,NA,2020-07-23 22:42:16,TRUE,NA,"1286431466205908997",NA,"<a href=""https://mobile.twitter.com"" rel=""nofollow"">Twitter Web App</a>","TuFPF",5,FALSE,FALSE,NA,NA
"#eSportsFPF | ¡A jugar! <U+0001F3AE><U+26BD>

Anunciamos el lanzamiento de la #eCopaFPF de @EASPORTSFIFA, certamen que te permitirá g… https://t.co/nEZEVSiPnE",FALSE,67,NA,2020-07-23 18:52:15,TRUE,NA,"1286373577906937862",NA,"<a href=""https://mobile.twitter.com"" rel=""nofollow"">Twitter Web App</a>","TuFPF",20,FALSE,FALSE,NA,NA
"Saludamos afectuosamente a Ramón Quiroga, quien fue mundialista con nuestra @SeleccionPeru <U+0001F1F5><U+0001F1EA> en Argentina 1978 y E… https://t.co/zVehp3bTLf",FALSE,509,NA,2020-07-23 13:27:35,TRUE,NA,"1286291874358145024",NA,"<a href=""https://mobile.twitter.com"" rel=""nofollow"">Twitter Web App</a>","TuFPF",33,FALSE,FALSE,NA,NA
"¡No te lo pierdas! <U+0001F525> <U+26BD>

Desde este 24 julio, iniciamos los conversatorios sobre fútbol femenino, fútbol playa y fut… https://t.co/2mkW4rzIMf",FALSE,33,NA,2020-07-23 00:16:10,TRUE,NA,"1286092707736297476",NA,"<a href=""https://mobile.twitter.com"" rel=""nofollow"">Twitter Web App</a>","TuFPF",6,FALSE,FALSE,NA,NA
"¡Capacítate con nuestros cursos! <U+0001F468><U+200D><U+0001F3EB>

No dejes pasar la oportunidad y aprende más sobre el arbitraje de fútbol y re… https://t.co/UiHCDBp2iA",FALSE,25,NA,2020-07-22 17:38:14,TRUE,NA,"1285992562596155395",NA,"<a href=""https://mobile.twitter.com"" rel=""nofollow"">Twitter Web App</a>","TuFPF",4,FALSE,FALSE,NA,NA
"¡El aprendizaje continúa! <U+0001F468><U+0001F3FB><U+200D><U+0001F4BB>

Inscríbete en los cursos de entrenamiento en fútbol femenino de la… https://t.co/KdpGo4Xo54",FALSE,42,NA,2020-07-20 19:04:07,TRUE,NA,"1285289402202300418",NA,"<a href=""https://mobile.twitter.com"" rel=""nofollow"">Twitter Web App</a>","TuFPF",7,FALSE,FALSE,NA,NA
"Este es el nuevo fixture de la @Libertadores, torneo continental que volverá el próximo 15/09. https://t.co/tdLDqnoRvI",FALSE,34,"TuFPF",2020-07-20 17:18:27,FALSE,"1285262808154804224","1285262809744515072","319735479","<a href=""https://mobile.twitter.com"" rel=""nofollow"">Twitter Web App</a>","TuFPF",18,FALSE,FALSE,NA,NA
"Los otros encuentros de @BinacionalFC serán ante @RiverPlate en Juliaca (22/09), @LDU_Oficial en Quito (29/09) y… https://t.co/OyHXM6PjWO",FALSE,18,"TuFPF",2020-07-20 17:18:27,TRUE,"1285262806556856327","1285262808154804224","319735479","<a href=""https://mobile.twitter.com"" rel=""nofollow"">Twitter Web App</a>","TuFPF",5,FALSE,FALSE,NA,NA
"Por su parte, @BinacionalFC volverá a la @Libertadores ante @LDU_Oficial el próximo 15/09 a las 19:30 (hora peruana… https://t.co/a4HyJzhqGF",FALSE,10,"TuFPF",2020-07-20 17:18:26,TRUE,"1285262804891643906","1285262806556856327","319735479","<a href=""https://mobile.twitter.com"" rel=""nofollow"">Twitter Web App</a>","TuFPF",3,FALSE,FALSE,NA,NA
"Los siguientes partidos de @ClubALoficial serán ante @RacingClub en Lima (23/09), @EstudiantesMEFC en Lima (30/09)… https://t.co/EGmDcNRVlD",FALSE,33,"TuFPF",2020-07-20 17:18:26,TRUE,"1285262803176218626","1285262804891643906","319735479","<a href=""https://mobile.twitter.com"" rel=""nofollow"">Twitter Web App</a>","TuFPF",9,FALSE,FALSE,NA,NA
"El regreso de @ClubALoficial en la @Libertadores será ante @EstudiantesMEFC el próximo 16/09 en el Estadio Metropol… https://t.co/b71Oo9qFUp",FALSE,40,"TuFPF",2020-07-20 17:18:25,TRUE,"1285254589189689348","1285262803176218626","319735479","<a href=""https://mobile.twitter.com"" rel=""nofollow"">Twitter Web App</a>","TuFPF",11,FALSE,FALSE,NA,NA
"El área de Competiciones de la @CONMEBOL definió el nuevo fixture de la @Libertadores que significará la reactivaci… https://t.co/DjadCIxxg5",FALSE,104,NA,2020-07-20 16:45:47,TRUE,NA,"1285254589189689348",NA,"<a href=""https://mobile.twitter.com"" rel=""nofollow"">Twitter Web App</a>","TuFPF",22,FALSE,FALSE,NA,NA
"La @TuFPF lamenta el sensible fallecimiento del Sr. César Luis Salinas Sinka, presidente de la @FBF_BO. 

Expresamo… https://t.co/2Djb8yqe1e",FALSE,147,NA,2020-07-19 21:49:36,TRUE,NA,"1284968660428304384",NA,"<a href=""https://mobile.twitter.com"" rel=""nofollow"">Twitter Web App</a>","TuFPF",28,FALSE,FALSE,NA,NA
"#eSportsFPF | ¡Vestirá la 'blanquirroja'! <U+0001F3C6>

Trisha superó 6-3 a Alicia Conde y se proclamó la primera campeona del… https://t.co/IlEv6oZGwf",FALSE,163,NA,2020-07-19 01:23:39,TRUE,NA,"1284660139421773825",NA,"<a href=""https://mobile.twitter.com"" rel=""nofollow"">Twitter Web App</a>","TuFPF",17,FALSE,FALSE,NA,NA
"#eSportsFPF | ¡Por la gloria! <U+0001F3C6>

Inició el duelo final para definir a nuestra primera seleccionada de eSports. Sale… https://t.co/4BinW3hYaU",FALSE,32,NA,2020-07-19 00:19:18,TRUE,NA,"1284643946111668225",NA,"<a href=""https://mobile.twitter.com"" rel=""nofollow"">Twitter Web App</a>","TuFPF",6,FALSE,FALSE,NA,NA
"#eSports | ¿Quién será nuestra primera seleccionada? <U+0001F1F5><U+0001F1EA>

No te pierdas esta noche la espectacular definición del pr… https://t.co/TTX8mjTBLW",FALSE,46,NA,2020-07-18 22:00:32,TRUE,NA,"1284609023359287301",NA,"<a href=""https://mobile.twitter.com"" rel=""nofollow"">Twitter Web App</a>","TuFPF",11,FALSE,FALSE,NA,NA
"#eSports | ¡Semifinales! <U+0001F525>

Así quedó definido el camino a la final del primer torneo de @EASPORTSFIFA exclusivo pa… https://t.co/olLQQFNc54",FALSE,25,NA,2020-07-18 14:46:13,TRUE,NA,"1284499724674961411",NA,"<a href=""https://mobile.twitter.com"" rel=""nofollow"">Twitter Web App</a>","TuFPF",6,FALSE,FALSE,NA,NA
"#eSportsFPF | ¡Momento histórico! <U+0001F1F5><U+0001F1EA>

Esta tarde arranca el primer torneo de @EASPORTSFIFA exclusivo para mujeres e… https://t.co/tKgL2EIlmo",FALSE,109,NA,2020-07-17 17:38:34,TRUE,NA,"1284180709884796928",NA,"<a href=""https://mobile.twitter.com"" rel=""nofollow"">Twitter Web App</a>","TuFPF",20,FALSE,FALSE,NA,NA
"¡No dejes de aprender! <U+26BD>

Ingresa al mundo del marketing deportivo con los cursos de la #CAPACITACIÓNONLINEFPF dict… https://t.co/7yDJ1Jhw6N",FALSE,81,NA,2020-07-17 15:50:32,TRUE,NA,"1284153522276249601",NA,"<a href=""https://mobile.twitter.com"" rel=""nofollow"">Twitter Web App</a>","TuFPF",13,FALSE,FALSE,NA,NA
"¡Rueda la pelota en las prácticas! <U+26BD><U+FE0F>

Los clubes de la #Liga1Movistar vienen cumpliendo las cuatro fases de entren… https://t.co/enkZ5CVkEe",FALSE,12,"TuFPF",2020-07-16 22:03:33,TRUE,"1283885002023997441","1283885008009211905","319735479","<a href=""https://mobile.twitter.com"" rel=""nofollow"">Twitter Web App</a>","TuFPF",0,FALSE,FALSE,NA,NA
"¡Evaluaciones médicas! <U+0001F4AA>

Desde el 18 de junio, se realizaron las pruebas moleculares y serológicas de descarte de… https://t.co/WjBVI0QAMw",FALSE,9,"TuFPF",2020-07-16 22:03:32,TRUE,"1283884998806786048","1283885002023997441","319735479","<a href=""https://mobile.twitter.com"" rel=""nofollow"">Twitter Web App</a>","TuFPF",0,FALSE,FALSE,NA,NA
"¡Canchas en revisión! <U+0001F3DF><U+FE0F>

Con la aprobación de los protocolos para la vuelta del fútbol, la @TuFPF inspeccionó los… https://t.co/GlaZoRTS2O",FALSE,11,"TuFPF",2020-07-16 22:03:31,TRUE,"1283884996290387969","1283884998806786048","319735479","<a href=""https://mobile.twitter.com"" rel=""nofollow"">Twitter Web App</a>","TuFPF",0,FALSE,FALSE,NA,NA
"¡Papeles listos! <U+2705>

El presidente @MartinVizcarraC anunció el 4 de junio la aprobación de protocolos para el regres… https://t.co/lbxRNzenVU",FALSE,9,"TuFPF",2020-07-16 22:03:31,TRUE,"1283884994105090049","1283884996290387969","319735479","<a href=""https://mobile.twitter.com"" rel=""nofollow"">Twitter Web App</a>","TuFPF",0,FALSE,FALSE,NA,NA
"¡Alistando los protocolos! <U+261D><U+FE0F>

A inicios de junio se definen los detalles finales para la reactivación del fútbol t… https://t.co/ftLpJmgsda",FALSE,7,"TuFPF",2020-07-16 22:03:30,TRUE,"1283884991857004544","1283884994105090049","319735479","<a href=""https://mobile.twitter.com"" rel=""nofollow"">Twitter Web App</a>","TuFPF",0,FALSE,FALSE,NA,NA
"¡El regreso del fútbol! <U+26BD><U+0001F1F5><U+0001F1EA>

El presidente @MartinVizcarraC y el anuncio del retorno de las actividades deportivas,… https://t.co/YybjjBB3tU",FALSE,12,"TuFPF",2020-07-16 22:03:30,TRUE,"1283884989424295939","1283884991857004544","319735479","<a href=""https://mobile.twitter.com"" rel=""nofollow"">Twitter Web App</a>","TuFPF",0,FALSE,FALSE,NA,NA
"¡Las gestiones para la vuelta del fútbol! <U+26BD><U+0001F4AA>

Estos son los detalles del trabajo de la @TuFPF para el regreso de la… https://t.co/potjAkQTuY",FALSE,67,NA,2020-07-16 22:03:29,TRUE,NA,"1283884989424295939",NA,"<a href=""https://mobile.twitter.com"" rel=""nofollow"">Twitter Web App</a>","TuFPF",11,FALSE,FALSE,NA,NA
"#eSportsFPF | ¡Defiende nuestros colores! <U+0001F1F5><U+0001F1EA>

Hoy cierran las inscripciones para el primer torneo de… https://t.co/aCvQsHMJOe",FALSE,28,NA,2020-07-16 18:52:51,TRUE,NA,"1283837016707391490",NA,"<a href=""https://mobile.twitter.com"" rel=""nofollow"">Twitter Web App</a>","TuFPF",8,FALSE,FALSE,NA,NA
"Un día como hoy, en 2009, se fundó @Cusco_F_C.

¡Felicidades a todos sus hinchas! <U+0001F389> https://t.co/U18v2fYRIR",FALSE,54,NA,2020-07-16 15:43:45,FALSE,NA,"1283789426544566273",NA,"<a href=""https://mobile.twitter.com"" rel=""nofollow"">Twitter Web App</a>","TuFPF",3,FALSE,FALSE,NA,NA
"¡Únete a la transmisión! <U+0001F4F9>

Ingresa al Webinar ""Análisis de la Copa América 2019"" a través de nuestro Facebook Live… https://t.co/RwTizArv8Q",FALSE,23,NA,2020-07-16 00:33:33,TRUE,NA,"1283560364941160448",NA,"<a href=""https://mobile.twitter.com"" rel=""nofollow"">Twitter Web App</a>","TuFPF",3,FALSE,FALSE,NA,NA
"¡No dejas pasar la oportunidad! <U+0001F4AA>

Ingresa a los cursos de la #CAPACITACIÓNONLINEFPF y conoce más sobre preparación… https://t.co/qs2re42kZO",FALSE,24,NA,2020-07-15 16:26:13,TRUE,NA,"1283437726449258498",NA,"<a href=""https://mobile.twitter.com"" rel=""nofollow"">Twitter Web App</a>","TuFPF",4,FALSE,FALSE,NA,NA
"¡Charla de fútbol con expertos! <U+0001F4AA><U+26BD>

Este miércoles 15 de julio, desde las 19:00 horas, participa del Webinar ""Análi… https://t.co/6SXy7K1fwW",FALSE,29,NA,2020-07-15 00:02:49,TRUE,NA,"1283190246616834048",NA,"<a href=""http://twitter.com/download/android"" rel=""nofollow"">Twitter for Android</a>","TuFPF",8,FALSE,FALSE,NA,NA
"La @TuFPF lamenta el sensible fallecimiento del Sr. Edmundo Maestri Baroni, padre de Flavio Maestri, ex delantero d… https://t.co/2GNntPcvcU",FALSE,688,NA,2020-07-14 21:41:18,TRUE,NA,"1283154630415966208",NA,"<a href=""https://mobile.twitter.com"" rel=""nofollow"">Twitter Web App</a>","TuFPF",71,FALSE,FALSE,NA,NA
"Un día como hoy, en 1964, se fundó @PaginaUtc. 

¡Felicitaciones a todos sus hinchas! <U+0001F389> https://t.co/k1WjwKQE8m",FALSE,52,NA,2020-07-14 15:59:19,FALSE,NA,"1283068566925905921",NA,"<a href=""https://mobile.twitter.com"" rel=""nofollow"">Twitter Web App</a>","TuFPF",4,FALSE,FALSE,NA,NA
"¡No te lo pierdas! <U+261D><U+FE0F>

Este miércoles 15 de julio, desde las 19:00 horas, se realizará el Webinar ""Análisis de la C… https://t.co/Lv2ckaHJ9Z",FALSE,34,NA,2020-07-14 14:23:38,TRUE,NA,"1283044488303325202",NA,"<a href=""https://mobile.twitter.com"" rel=""nofollow"">Twitter Web App</a>","TuFPF",12,FALSE,FALSE,NA,NA
"#eSportsFPF | ¿Quieres defender nuestros colores? <U+0001F1F5><U+0001F1EA>

Participa del primer torneo de @EASPORTSFIFA exclusivo para m… https://t.co/bA53h5UYPT",FALSE,86,NA,2020-07-13 23:34:44,TRUE,NA,"1282820791076356096",NA,"<a href=""https://mobile.twitter.com"" rel=""nofollow"">Twitter Web App</a>","TuFPF",25,FALSE,FALSE,NA,NA
"¡Ingresa al mundo del fútbol! <U+26BD>

Sé parte de la #CAPACITACIÓNONLINEFPF y aumenta tus conocimientos sobre entrenamie… https://t.co/zar86QfIzM",FALSE,51,NA,2020-07-13 17:12:56,TRUE,NA,"1282724704583852032",NA,"<a href=""https://mobile.twitter.com"" rel=""nofollow"">Twitter Web App</a>","TuFPF",14,FALSE,FALSE,NA,NA
